Supplier_ID,Product_ID,Product_Category,Order_Quantity,Unit_Cost,Defective_Units,Total_Units_Delivered,Delivery_Timestamp,On_Time,Region,Year,Supplier_Rating,Discount_Applied_Percent,Lead_Time_Days,Shipping_Cost,Return_Units,Late_Deliveries,Customer_Region,Customer_Satisfaction_Score,Order_Profit_Margin_Percent,Warehouse_Processing_Time_Days
SUP007,PROD025,Clothing,236,732.57,40,689,2023-01-01 00:00:00.000000,True,North America,2021,2.57,6.11,36,255.24,29,29,Africa,2.81,5.88,8
SUP004,PROD024,Food,854,1310.77,46,240,2023-01-01 17:30:25.250501,True,North America,2023,4.0,8.05,8,43.13,11,7,South America,1.68,48.78,14
SUP013,PROD013,Electronics,110,1351.55,17,628,2023-01-02 11:00:50.501002,True,North America,2023,1.5,13.45,15,84.05,28,33,South America,3.55,14.97,1
SUP015,PROD007,Clothing,988,635.47,20,565,2023-01-03 04:31:15.751503,True,Asia,2023,4.09,13.64,3,250.11,9,46,South America,4.9,41.25,10
SUP011,PROD036,Electronics,429,418.86,12,491,2023-01-03 22:01:41.002004,True,South America,2021,1.95,6.3,13,119.62,4,8,Europe,4.3,7.62,14
SUP008,PROD020,Furniture,759,890.56,20,970,2023-01-04 15:32:06.252505,True,North America,2022,3.71,2.66,34,294.54,8,19,Africa,1.24,46.45,4
SUP013,PROD001,Clothing,856,1368.98,7,864,2023-01-05 09:02:31.503006,False,North America,2022,3.26,12.65,24,145.21,1,39,Africa,2.5,44.35,11
SUP005,PROD008,Furniture,489,319.94,45,855,2023-01-06 02:32:56.753507,True,Europe,2021,4.72,2.57,32,239.66,1,24,South America,4.7,30.7,12
SUP007,PROD016,Clothing,368,936.34,39,192,2023-01-06 20:03:22.004008,True,Asia,2021,2.55,11.57,32,126.67,27,18,South America,3.01,5.4,13
SUP010,PROD014,Stationery,351,949.18,45,240,2023-01-07 13:33:47.254509,True,North America,2022,1.26,13.87,30,133.24,5,4,North America,3.65,16.6,11
SUP003,PROD012,Food,393,1101.0,6,582,2023-01-08 07:04:12.505010,True,Europe,2022,1.08,14.01,13,121.04,28,10,North America,4.65,23.31,11
SUP007,PROD023,Stationery,60,201.69,22,276,2023-01-09 00:34:37.755511,True,Africa,2022,4.31,15.07,1,218.53,9,14,Asia,4.5,25.7,4
SUP011,PROD015,Furniture,111,1075.16,43,362,2023-01-09 18:05:03.006012,True,North America,2022,3.1,17.46,34,168.78,17,7,Asia,3.01,18.4,1
SUP011,PROD028,Food,894,1364.0,31,678,2023-01-10 11:35:28.256513,True,North America,2021,4.1,10.0,15,283.7,11,18,Africa,2.75,6.48,3
SUP008,PROD034,Clothing,275,273.63,10,998,2023-01-11 05:05:53.507014,True,Europe,2021,1.94,14.6,14,82.76,3,22,Africa,2.36,31.56,5
SUP005,PROD002,Food,202,360.13,21,351,2023-01-11 22:36:18.757515,False,Asia,2023,2.38,12.38,29,39.16,21,26,Europe,3.88,28.59,6
SUP004,PROD032,Electronics,760,1457.24,21,703,2023-01-12 16:06:44.008016,False,North America,2022,1.12,3.73,34,124.05,20,39,Europe,2.15,17.74,9
SUP008,PROD023,Food,613,275.56,42,509,2023-01-13 09:37:09.258517,True,Africa,2023,4.85,0.51,18,188.85,16,31,North America,2.0,6.71,9
SUP008,PROD022,Electronics,821,1282.31,24,450,2023-01-14 03:07:34.509018,True,North America,2021,3.67,5.69,7,259.63,14,25,Asia,2.42,49.76,9
SUP003,PROD025,Food,620,740.96,21,600,2023-01-14 20:37:59.759519,True,Africa,2021,4.73,8.86,29,110.4,5,26,North America,1.71,26.69,11
SUP006,PROD022,Electronics,633,374.61,27,442,2023-01-15 14:08:25.010020,True,South America,2023,2.06,12.34,31,199.6,15,18,North America,3.78,39.02,1
SUP005,PROD022,Furniture,709,1306.77,28,916,2023-01-16 07:38:50.260521,True,South America,2022,3.45,17.0,25,111.56,16,49,Asia,3.46,25.35,12
SUP002,PROD006,Stationery,910,670.73,12,813,2023-01-17 01:09:15.511022,True,Africa,2022,3.71,3.92,38,188.99,2,41,Europe,2.93,6.94,9
SUP008,PROD015,Clothing,624,774.65,17,894,2023-01-17 18:39:40.761523,True,Asia,2022,2.27,2.51,14,266.59,9,28,Asia,2.56,18.93,13
SUP012,PROD037,Food,359,542.05,1,256,2023-01-18 12:10:06.012024,True,North America,2022,4.39,19.27,8,77.09,4,38,South America,4.64,19.4,8
SUP014,PROD033,Stationery,934,891.46,28,259,2023-01-19 05:40:31.262525,True,North America,2023,4.79,2.16,27,127.23,13,40,South America,1.12,42.73,2
SUP006,PROD008,Clothing,292,249.47,20,164,2023-01-19 23:10:56.513026,False,South America,2023,4.54,9.57,2,298.05,25,32,South America,4.08,34.44,13
SUP002,PROD005,Clothing,542,589.67,14,786,2023-01-20 16:41:21.763527,False,Africa,2021,3.96,11.71,17,261.88,28,18,Africa,4.61,17.39,11
SUP012,PROD039,Electronics,415,1454.27,26,695,2023-01-21 10:11:47.014028,True,North America,2022,2.11,10.83,37,173.75,20,36,Europe,2.79,48.55,1
SUP005,PROD004,Furniture,379,390.91,49,300,2023-01-22 03:42:12.264529,True,North America,2022,2.13,1.72,14,159.82,12,18,Europe,3.2,19.47,1
SUP001,PROD006,Furniture,156,986.82,30,268,2023-01-22 21:12:37.515030,False,Asia,2022,4.85,1.14,25,92.53,25,32,Africa,4.78,49.92,12
SUP012,PROD032,Stationery,275,491.16,14,456,2023-01-23 14:43:02.765531,True,Europe,2023,1.04,2.11,30,159.99,5,46,North America,1.85,49.83,6
SUP010,PROD030,Furniture,874,1161.34,22,492,2023-01-24 08:13:28.016032,True,South America,2022,3.86,11.71,29,255.97,11,15,South America,3.08,13.6,9
SUP006,PROD035,Food,267,200.66,23,652,2023-01-25 01:43:53.266533,True,South America,2023,3.82,10.89,20,208.7,25,22,South America,2.9,19.07,7
SUP013,PROD040,Furniture,986,1454.88,43,403,2023-01-25 19:14:18.517034,True,Europe,2022,3.49,4.67,21,94.11,7,6,North America,2.03,26.87,5
SUP012,PROD016,Stationery,802,683.42,12,937,2023-01-26 12:44:43.767535,True,North America,2022,4.96,12.76,22,68.42,4,25,Asia,4.27,34.88,11
SUP009,PROD013,Furniture,555,357.9,21,607,2023-01-27 06:15:09.018036,False,Asia,2021,2.25,16.4,35,86.91,29,31,Asia,4.6,28.76,2
SUP001,PROD030,Food,308,114.88,42,599,2023-01-27 23:45:34.268537,False,Asia,2022,2.36,0.83,37,59.23,14,11,Europe,4.13,48.62,1
SUP011,PROD019,Electronics,937,258.79,36,191,2023-01-28 17:15:59.519038,True,South America,2022,1.32,9.96,16,37.74,26,7,Africa,1.78,37.58,2
SUP011,PROD017,Stationery,823,782.06,32,661,2023-01-29 10:46:24.769539,True,Asia,2021,2.77,13.79,17,131.55,15,4,Europe,1.35,14.54,1
SUP015,PROD019,Electronics,566,508.82,2,550,2023-01-30 04:16:50.020040,False,Europe,2023,2.04,5.05,16,42.86,0,41,Asia,3.42,9.73,3
SUP010,PROD028,Electronics,822,1244.18,18,889,2023-01-30 21:47:15.270541,True,North America,2023,2.37,6.16,2,59.85,15,27,North America,1.23,35.98,6
SUP012,PROD026,Electronics,103,649.18,22,751,2023-01-31 15:17:40.521042,False,Europe,2022,4.34,12.27,4,168.72,4,4,Europe,3.69,12.13,13
SUP012,PROD037,Clothing,96,376.83,28,596,2023-02-01 08:48:05.771543,True,Africa,2023,4.74,17.96,21,57.73,2,48,South America,3.12,40.45,8
SUP015,PROD026,Clothing,776,927.63,29,708,2023-02-02 02:18:31.022044,True,South America,2022,1.74,16.2,39,28.53,19,25,South America,3.65,19.0,3
SUP014,PROD023,Electronics,738,1061.63,38,591,2023-02-02 19:48:56.272545,True,Asia,2021,2.49,11.66,34,102.04,14,4,North America,3.36,19.71,10
SUP014,PROD009,Stationery,570,254.73,43,895,2023-02-03 13:19:21.523046,True,Africa,2021,4.71,14.6,30,73.89,12,21,Asia,2.69,5.49,9
SUP015,PROD012,Food,148,255.59,46,556,2023-02-04 06:49:46.773547,True,Asia,2022,1.25,7.3,6,159.44,23,14,South America,1.8,36.55,10
SUP014,PROD001,Food,69,59.82,24,645,2023-02-05 00:20:12.024048,True,North America,2021,1.37,12.82,17,39.69,15,12,South America,2.22,10.1,5
SUP003,PROD001,Furniture,939,1105.92,36,930,2023-02-05 17:50:37.274549,True,North America,2021,1.65,9.32,39,228.01,22,27,Africa,3.1,39.78,7
SUP012,PROD034,Stationery,802,997.39,46,330,2023-02-06 11:21:02.525050,True,North America,2022,3.38,3.8,25,272.81,10,32,Europe,3.61,27.13,8
SUP007,PROD032,Clothing,622,714.57,7,473,2023-02-07 04:51:27.775551,True,Asia,2022,1.6,14.03,5,225.6,20,42,Asia,4.12,40.29,3
SUP004,PROD025,Electronics,940,1267.03,41,905,2023-02-07 22:21:53.026052,False,Africa,2021,4.87,11.13,5,164.52,1,22,Europe,4.07,31.28,2
SUP009,PROD040,Furniture,539,1209.48,15,319,2023-02-08 15:52:18.276553,False,North America,2023,2.79,7.17,20,259.59,21,32,Asia,4.89,8.71,2
SUP003,PROD001,Food,468,880.1,7,203,2023-02-09 09:22:43.527054,True,Africa,2023,3.01,18.23,16,211.53,26,42,South America,2.14,39.45,5
SUP005,PROD016,Clothing,739,1303.07,0,663,2023-02-10 02:53:08.777555,True,Asia,2022,1.99,0.42,37,13.06,5,17,Africa,1.28,8.14,1
SUP003,PROD039,Clothing,899,312.73,43,776,2023-02-10 20:23:34.028056,True,Africa,2022,2.88,6.32,9,124.29,25,49,Europe,2.38,26.54,2
SUP007,PROD005,Electronics,111,172.32,4,711,2023-02-11 13:53:59.278557,True,Asia,2023,3.65,1.14,5,256.78,25,29,South America,3.97,12.76,13
SUP005,PROD022,Food,194,408.28,2,993,2023-02-12 07:24:24.529058,False,Asia,2021,4.0,15.33,2,110.3,29,25,Asia,2.75,38.86,9
SUP009,PROD029,Stationery,265,90.34,0,132,2023-02-13 00:54:49.779559,True,South America,2023,4.02,14.04,9,20.21,26,15,Europe,4.27,46.02,7
SUP007,PROD003,Clothing,52,799.1,3,671,2023-02-13 18:25:15.030060,True,Asia,2023,3.31,6.63,36,226.39,5,12,Europe,3.2,29.94,6
SUP002,PROD012,Electronics,209,1405.23,39,996,2023-02-14 11:55:40.280561,False,Asia,2023,4.62,13.51,22,242.59,13,38,South America,4.72,28.72,9
SUP004,PROD026,Stationery,788,63.82,34,948,2023-02-15 05:26:05.531062,True,Europe,2023,4.27,7.92,22,56.57,24,32,Europe,4.79,39.38,7
SUP009,PROD016,Food,830,187.55,31,475,2023-02-15 22:56:30.781563,True,North America,2022,4.03,15.13,22,165.83,10,25,Africa,1.28,5.23,14
SUP012,PROD037,Clothing,169,681.04,41,324,2023-02-16 16:26:56.032064,False,South America,2022,1.22,9.08,34,65.67,7,47,Africa,2.83,46.3,11
SUP014,PROD022,Stationery,942,1401.14,33,762,2023-02-17 09:57:21.282565,True,South America,2021,1.03,8.25,29,218.58,7,0,South America,3.44,13.89,5
SUP002,PROD029,Stationery,138,477.65,42,333,2023-02-18 03:27:46.533066,False,South America,2021,1.85,18.69,38,88.75,0,48,Asia,2.02,49.29,9
SUP010,PROD014,Stationery,378,763.32,24,222,2023-02-18 20:58:11.783567,True,Europe,2021,3.65,5.02,33,101.7,20,37,South America,2.63,38.13,6
SUP009,PROD028,Clothing,629,67.15,9,376,2023-02-19 14:28:37.034068,True,Asia,2021,2.64,2.41,18,255.04,6,1,Africa,3.71,39.84,6
SUP010,PROD005,Clothing,959,226.77,20,767,2023-02-20 07:59:02.284569,True,North America,2023,2.61,11.69,7,148.13,5,48,North America,1.91,34.53,11
SUP005,PROD030,Furniture,406,1480.01,45,112,2023-02-21 01:29:27.535070,False,Africa,2022,4.54,19.39,1,204.23,20,5,North America,3.41,26.22,4
SUP002,PROD005,Food,659,1447.85,38,122,2023-02-21 18:59:52.785571,True,Asia,2022,4.58,7.56,33,126.69,7,45,Europe,3.79,30.72,13
SUP004,PROD012,Electronics,316,12.39,26,812,2023-02-22 12:30:18.036072,True,Europe,2021,4.64,1.24,1,96.42,18,49,Europe,1.36,7.09,12
SUP012,PROD016,Stationery,666,1427.96,26,685,2023-02-23 06:00:43.286573,True,Asia,2021,2.26,6.79,24,191.39,21,37,North America,2.99,33.08,1
SUP015,PROD026,Furniture,372,960.48,1,424,2023-02-23 23:31:08.537074,True,Asia,2023,3.76,10.12,4,54.91,20,41,Africa,2.05,33.17,5
SUP012,PROD026,Electronics,684,1302.54,40,682,2023-02-24 17:01:33.787575,True,Europe,2023,2.09,3.24,4,118.17,23,23,Europe,3.9,45.1,11
SUP007,PROD021,Furniture,590,684.84,47,557,2023-02-25 10:31:59.038076,True,South America,2021,1.76,13.16,18,70.62,19,17,South America,1.76,27.75,9
SUP012,PROD039,Clothing,698,775.82,12,836,2023-02-26 04:02:24.288577,True,South America,2022,1.74,19.95,27,211.78,7,26,South America,4.57,8.47,13
SUP013,PROD036,Stationery,244,735.83,8,992,2023-02-26 21:32:49.539078,True,North America,2022,2.37,9.03,32,283.82,25,40,Africa,2.72,18.78,8
SUP008,PROD033,Electronics,970,1001.96,35,447,2023-02-27 15:03:14.789579,True,North America,2022,2.72,7.09,33,298.7,13,7,Europe,1.79,34.5,8
SUP015,PROD030,Electronics,787,213.78,21,169,2023-02-28 08:33:40.040080,True,South America,2021,4.32,8.01,28,140.58,17,27,South America,2.75,15.77,5
SUP003,PROD037,Electronics,381,49.81,41,983,2023-03-01 02:04:05.290581,True,Africa,2022,1.48,2.3,36,83.23,24,9,Europe,2.63,17.62,12
SUP014,PROD023,Electronics,219,465.36,25,486,2023-03-01 19:34:30.541082,False,Asia,2023,3.94,17.67,6,138.42,28,16,Europe,2.72,41.92,9
SUP001,PROD010,Electronics,570,1058.5,11,878,2023-03-02 13:04:55.791583,True,Africa,2023,3.13,8.3,16,255.71,15,28,South America,3.34,31.29,3
SUP004,PROD005,Furniture,512,306.77,16,725,2023-03-03 06:35:21.042084,False,Asia,2021,2.15,7.75,34,69.74,8,5,North America,3.08,27.88,3
SUP002,PROD036,Stationery,89,1011.78,13,985,2023-03-04 00:05:46.292585,True,South America,2023,2.97,13.19,23,286.11,14,13,South America,1.6,19.33,1
SUP008,PROD034,Clothing,586,1455.02,13,514,2023-03-04 17:36:11.543086,True,North America,2021,2.2,8.84,24,109.14,29,21,Africa,1.26,37.89,9
SUP004,PROD031,Clothing,310,145.38,33,335,2023-03-05 11:06:36.793587,True,North America,2022,3.38,12.96,13,295.88,25,5,Asia,3.92,17.95,6
SUP002,PROD010,Clothing,444,1010.54,19,314,2023-03-06 04:37:02.044088,True,Africa,2022,2.74,1.23,18,253.2,9,25,South America,3.24,38.17,2
SUP014,PROD019,Clothing,275,668.41,10,369,2023-03-06 22:07:27.294589,True,North America,2022,1.66,16.27,13,244.49,28,38,Europe,2.44,8.15,8
SUP006,PROD032,Furniture,173,1302.87,15,722,2023-03-07 15:37:52.545090,True,South America,2023,1.47,18.81,37,102.19,21,11,Europe,4.23,43.9,12
SUP006,PROD001,Food,87,269.84,30,425,2023-03-08 09:08:17.795591,True,Africa,2021,3.19,12.98,39,12.55,15,34,South America,2.55,27.48,9
SUP010,PROD005,Stationery,377,1040.48,5,869,2023-03-09 02:38:43.046092,True,Asia,2022,4.61,19.09,17,120.82,3,13,Asia,4.18,24.73,9
SUP004,PROD004,Electronics,300,1257.98,18,138,2023-03-09 20:09:08.296593,True,North America,2021,2.38,3.03,15,97.52,19,21,South America,2.22,32.5,2
SUP006,PROD016,Food,950,1417.2,36,703,2023-03-10 13:39:33.547094,True,Europe,2022,3.93,9.55,18,20.85,12,22,Asia,1.29,33.09,2
SUP013,PROD024,Clothing,225,1026.46,3,252,2023-03-11 07:09:58.797595,True,North America,2023,3.63,12.04,23,156.56,21,47,Asia,4.73,10.94,13
SUP015,PROD016,Food,651,748.28,46,870,2023-03-12 00:40:24.048096,True,Asia,2023,4.73,11.63,30,126.88,4,6,Africa,2.58,39.03,7
SUP002,PROD002,Stationery,963,928.68,3,788,2023-03-12 18:10:49.298597,True,Africa,2021,4.28,8.03,34,194.02,21,39,Europe,4.17,17.42,11
SUP010,PROD028,Electronics,503,1304.01,19,383,2023-03-13 11:41:14.549098,True,Asia,2023,3.27,6.76,4,190.14,6,49,Europe,2.12,45.72,4
SUP012,PROD032,Electronics,86,858.06,9,271,2023-03-14 05:11:39.799599,True,Europe,2023,3.63,2.54,3,45.02,22,24,Asia,3.59,41.8,13
SUP002,PROD027,Stationery,365,50.43,23,90,2023-03-14 22:42:05.050100,True,South America,2021,4.59,7.83,7,293.32,8,12,Europe,4.49,20.58,1
SUP010,PROD020,Stationery,737,1396.77,34,757,2023-03-15 16:12:30.300601,True,North America,2022,2.6,3.25,18,64.21,7,20,North America,1.17,41.35,8
SUP014,PROD024,Clothing,845,1035.84,25,117,2023-03-16 09:42:55.551102,True,Africa,2023,2.31,14.69,7,139.13,28,40,Asia,4.32,21.04,2
SUP004,PROD012,Electronics,642,1016.39,36,825,2023-03-17 03:13:20.801603,True,South America,2021,1.04,4.18,6,151.55,15,9,Europe,3.29,9.54,14
SUP014,PROD035,Food,163,327.43,37,563,2023-03-17 20:43:46.052104,True,Asia,2023,4.31,1.17,22,245.79,5,8,North America,3.43,48.28,3
SUP015,PROD033,Furniture,89,990.03,20,922,2023-03-18 14:14:11.302605,True,Africa,2023,4.2,11.05,1,38.78,27,14,Africa,3.09,34.37,5
SUP015,PROD033,Furniture,350,593.83,39,686,2023-03-19 07:44:36.553106,True,South America,2023,1.42,11.9,4,134.31,15,1,Europe,4.5,25.52,14
SUP008,PROD037,Stationery,273,978.59,38,671,2023-03-20 01:15:01.803607,True,Africa,2023,3.31,17.44,29,192.27,5,24,North America,1.17,22.9,3
SUP014,PROD012,Clothing,367,164.36,20,647,2023-03-20 18:45:27.054108,False,Europe,2021,2.86,11.54,21,72.4,13,12,South America,2.04,19.61,7
SUP007,PROD003,Furniture,398,988.48,9,986,2023-03-21 12:15:52.304609,True,Europe,2021,1.47,6.91,26,191.97,20,33,South America,4.5,49.17,7
SUP012,PROD001,Electronics,164,1499.12,37,681,2023-03-22 05:46:17.555110,False,North America,2021,4.92,16.06,14,277.86,0,33,North America,4.01,11.06,14
SUP009,PROD033,Stationery,747,77.08,45,176,2023-03-22 23:16:42.805611,True,North America,2023,1.86,10.81,9,299.28,24,34,Asia,1.07,19.17,2
SUP014,PROD040,Food,372,1465.88,3,304,2023-03-23 16:47:08.056112,True,Europe,2023,1.27,1.59,12,19.41,8,37,Asia,3.07,26.85,13
SUP008,PROD010,Stationery,617,613.33,44,744,2023-03-24 10:17:33.306613,True,Africa,2023,3.38,11.32,6,78.32,24,2,Europe,3.12,26.51,13
SUP005,PROD029,Food,89,1306.78,19,65,2023-03-25 03:47:58.557114,True,Europe,2021,3.96,18.16,20,99.99,26,41,South America,2.6,26.21,7
SUP013,PROD013,Stationery,915,1174.67,16,526,2023-03-25 21:18:23.807615,True,North America,2023,1.13,7.93,24,125.75,23,5,Asia,2.19,12.91,11
SUP002,PROD012,Stationery,89,852.69,6,111,2023-03-26 14:48:49.058116,True,Europe,2022,3.63,5.93,27,80.25,12,47,Asia,3.73,11.52,6
SUP015,PROD031,Stationery,908,1108.98,3,930,2023-03-27 08:19:14.308617,True,Europe,2023,3.13,2.87,38,69.01,25,48,South America,1.83,16.46,10
SUP005,PROD002,Food,798,1318.38,28,481,2023-03-28 01:49:39.559118,True,Africa,2022,1.41,3.03,8,286.82,28,18,Africa,4.2,46.15,9
SUP008,PROD035,Food,338,609.19,13,719,2023-03-28 19:20:04.809619,True,South America,2023,1.69,8.66,1,276.37,18,2,Asia,4.21,10.09,13
SUP010,PROD023,Stationery,311,493.91,2,317,2023-03-29 12:50:30.060120,True,North America,2021,3.27,11.91,24,23.63,16,17,North America,2.66,39.08,9
SUP009,PROD017,Furniture,265,1003.05,23,84,2023-03-30 06:20:55.310621,True,Africa,2023,2.19,1.61,7,108.26,10,38,Europe,2.13,39.09,2
SUP012,PROD026,Clothing,196,1212.73,36,828,2023-03-30 23:51:20.561122,True,Europe,2022,4.75,18.79,19,127.49,27,8,Asia,2.14,41.44,7
SUP012,PROD008,Clothing,385,1144.62,15,625,2023-03-31 17:21:45.811623,True,Europe,2022,4.27,15.1,22,79.31,27,11,Asia,2.93,44.9,5
SUP012,PROD029,Clothing,217,1197.73,3,543,2023-04-01 10:52:11.062124,False,South America,2023,4.93,11.73,35,192.37,7,4,Africa,3.88,16.84,13
SUP013,PROD026,Food,141,656.2,23,611,2023-04-02 04:22:36.312625,True,North America,2022,2.04,16.57,30,195.71,22,2,North America,2.44,15.11,6
SUP009,PROD010,Food,402,1227.66,33,518,2023-04-02 21:53:01.563126,False,North America,2022,4.88,1.6,29,256.65,28,10,Europe,3.44,25.95,1
SUP013,PROD026,Furniture,620,184.71,29,816,2023-04-03 15:23:26.813627,True,Asia,2021,2.72,9.54,22,224.85,4,29,Asia,2.53,16.93,7
SUP015,PROD034,Clothing,620,819.01,17,710,2023-04-04 08:53:52.064128,True,North America,2023,2.39,12.6,11,167.35,9,3,Europe,2.22,38.04,6
SUP013,PROD007,Clothing,865,13.61,18,374,2023-04-05 02:24:17.314629,True,South America,2023,1.2,16.57,20,199.54,6,4,South America,1.1,33.62,4
SUP001,PROD004,Stationery,730,490.26,30,353,2023-04-05 19:54:42.565130,True,Asia,2023,1.21,15.67,29,89.46,9,0,Asia,1.02,44.37,1
SUP009,PROD011,Food,830,552.86,18,325,2023-04-06 13:25:07.815631,False,Asia,2022,3.77,5.54,34,181.99,3,26,Asia,1.91,8.72,9
SUP007,PROD029,Clothing,412,597.28,48,918,2023-04-07 06:55:33.066132,True,Europe,2023,2.83,18.82,1,151.88,8,27,South America,2.63,46.18,4
SUP009,PROD036,Furniture,606,1044.72,45,733,2023-04-08 00:25:58.316633,True,Europe,2023,1.91,2.49,31,48.67,26,28,Africa,4.41,18.2,2
SUP008,PROD025,Furniture,394,585.89,18,978,2023-04-08 17:56:23.567134,True,North America,2021,3.46,17.5,30,80.34,25,17,Asia,4.19,27.08,8
SUP001,PROD021,Clothing,742,675.8,21,250,2023-04-09 11:26:48.817635,True,Asia,2021,2.01,19.42,18,94.59,13,11,Europe,2.07,24.74,2
SUP012,PROD036,Food,219,360.13,23,494,2023-04-10 04:57:14.068136,False,Europe,2021,3.31,3.54,17,278.05,1,12,North America,1.98,39.21,5
SUP008,PROD010,Furniture,405,563.01,44,954,2023-04-10 22:27:39.318637,True,South America,2022,2.44,14.44,38,76.81,24,40,Europe,1.91,23.91,11
SUP008,PROD037,Stationery,240,344.77,11,373,2023-04-11 15:58:04.569138,True,Europe,2023,4.29,0.81,14,93.88,8,1,Africa,2.36,47.46,6
SUP015,PROD009,Furniture,716,114.43,29,84,2023-04-12 09:28:29.819639,True,Europe,2021,4.28,8.11,23,117.11,20,36,North America,2.99,45.61,11
SUP011,PROD024,Electronics,471,907.16,37,531,2023-04-13 02:58:55.070140,True,Asia,2021,2.91,10.33,25,202.49,26,44,Europe,2.75,44.25,13
SUP003,PROD035,Electronics,749,1003.98,30,777,2023-04-13 20:29:20.320641,True,Asia,2021,2.4,11.61,15,44.29,0,15,Europe,1.87,8.21,8
SUP001,PROD035,Food,56,931.14,35,529,2023-04-14 13:59:45.571142,True,Africa,2023,2.45,18.72,22,286.64,22,47,South America,1.52,43.44,11
SUP008,PROD036,Clothing,182,697.92,18,114,2023-04-15 07:30:10.821643,True,South America,2023,4.22,13.45,3,261.02,9,23,Africa,1.05,40.17,1
SUP003,PROD018,Food,796,572.78,47,57,2023-04-16 01:00:36.072144,True,Asia,2023,2.31,9.63,19,177.39,9,34,South America,1.62,9.66,1
SUP003,PROD039,Food,606,1295.68,44,350,2023-04-16 18:31:01.322645,True,North America,2022,1.84,16.19,34,205.47,19,21,North America,3.82,9.83,12
SUP001,PROD032,Food,875,781.03,35,392,2023-04-17 12:01:26.573146,True,South America,2022,1.34,19.01,35,14.83,24,35,South America,1.97,9.55,4
SUP011,PROD024,Food,810,721.38,29,480,2023-04-18 05:31:51.823647,True,South America,2021,2.87,0.44,1,108.29,21,10,Africa,2.87,5.51,5
SUP005,PROD023,Stationery,80,43.33,48,473,2023-04-18 23:02:17.074148,True,Asia,2023,2.93,19.65,21,240.74,28,45,Asia,3.37,29.69,13
SUP010,PROD032,Stationery,584,515.17,32,381,2023-04-19 16:32:42.324649,True,South America,2021,4.36,1.72,29,32.47,2,28,Asia,4.55,48.8,13
SUP007,PROD037,Furniture,475,573.39,17,487,2023-04-20 10:03:07.575150,True,Asia,2023,1.88,16.29,6,91.87,5,34,North America,4.56,24.74,9
SUP010,PROD012,Electronics,443,601.24,48,637,2023-04-21 03:33:32.825651,True,Europe,2023,2.52,5.61,37,179.74,28,47,Asia,3.98,29.33,11
SUP009,PROD013,Food,721,872.36,27,223,2023-04-21 21:03:58.076152,True,Africa,2023,4.23,2.64,1,84.36,25,14,South America,1.14,48.56,14
SUP012,PROD023,Furniture,412,802.74,46,608,2023-04-22 14:34:23.326653,True,Europe,2022,4.29,8.8,1,280.85,5,30,North America,3.3,16.48,7
SUP007,PROD025,Electronics,486,913.82,10,576,2023-04-23 08:04:48.577154,True,Asia,2022,2.54,12.88,27,48.01,20,41,Africa,4.15,43.63,7
SUP009,PROD035,Clothing,719,1148.5,44,922,2023-04-24 01:35:13.827655,True,Asia,2023,2.84,7.62,21,241.24,1,40,North America,1.07,29.59,8
SUP008,PROD030,Stationery,600,1220.41,32,708,2023-04-24 19:05:39.078156,True,Europe,2021,2.21,1.09,16,157.31,25,42,North America,3.2,30.63,5
SUP012,PROD017,Electronics,976,1078.59,16,75,2023-04-25 12:36:04.328657,True,North America,2023,4.73,11.99,26,227.6,25,15,Europe,4.43,20.44,5
SUP002,PROD020,Clothing,131,1433.51,5,869,2023-04-26 06:06:29.579158,True,North America,2023,1.47,18.05,16,100.11,17,9,Europe,2.9,30.27,1
SUP001,PROD025,Electronics,405,32.26,3,654,2023-04-26 23:36:54.829659,True,North America,2021,4.73,7.66,28,159.2,22,48,North America,1.02,8.29,14
SUP007,PROD022,Stationery,307,297.69,19,455,2023-04-27 17:07:20.080160,True,Asia,2023,3.74,4.33,1,258.48,1,31,Asia,1.04,39.41,9
SUP007,PROD013,Stationery,767,16.31,47,281,2023-04-28 10:37:45.330661,True,South America,2021,3.13,8.85,36,145.39,11,1,Europe,2.67,17.81,6
SUP014,PROD019,Furniture,638,972.97,46,582,2023-04-29 04:08:10.581162,True,Asia,2022,1.13,0.97,10,114.32,21,23,Africa,1.62,44.94,9
SUP008,PROD036,Food,573,1347.56,26,868,2023-04-29 21:38:35.831663,True,South America,2022,2.9,16.41,17,165.49,4,22,South America,3.66,21.55,3
SUP005,PROD012,Electronics,344,369.01,14,599,2023-04-30 15:09:01.082164,True,Europe,2021,2.63,16.53,23,218.04,19,1,Europe,3.84,11.43,5
SUP003,PROD019,Electronics,273,1390.92,5,837,2023-05-01 08:39:26.332665,True,Africa,2022,1.64,11.76,7,138.63,6,37,North America,1.71,36.31,2
SUP012,PROD012,Clothing,574,95.1,46,554,2023-05-02 02:09:51.583166,True,South America,2022,3.63,7.06,7,282.27,23,30,Asia,4.55,12.41,10
SUP008,PROD009,Stationery,95,1401.98,13,718,2023-05-02 19:40:16.833667,True,North America,2021,4.88,16.0,15,95.53,15,39,South America,2.77,38.92,5
SUP006,PROD007,Electronics,716,530.68,10,228,2023-05-03 13:10:42.084168,True,Asia,2022,3.25,11.09,34,147.88,19,25,Europe,1.57,48.57,13
SUP011,PROD028,Stationery,162,156.62,38,181,2023-05-04 06:41:07.334669,True,Europe,2023,3.86,16.52,4,229.51,0,28,Asia,4.06,40.08,13
SUP003,PROD014,Electronics,282,731.38,8,872,2023-05-05 00:11:32.585170,True,North America,2023,1.27,12.63,14,209.85,0,2,Asia,4.16,6.01,13
SUP001,PROD031,Furniture,66,388.88,25,504,2023-05-05 17:41:57.835671,True,Europe,2021,2.67,15.69,14,260.46,16,13,Asia,3.56,31.99,14
SUP003,PROD019,Food,409,430.88,15,397,2023-05-06 11:12:23.086172,True,Africa,2022,1.47,11.97,16,299.07,26,24,North America,4.41,36.29,8
SUP005,PROD016,Electronics,272,464.4,4,589,2023-05-07 04:42:48.336673,True,Asia,2023,3.45,8.28,7,133.79,0,47,Africa,3.95,42.15,11
SUP015,PROD005,Stationery,915,1205.52,9,821,2023-05-07 22:13:13.587174,True,Asia,2023,4.75,19.16,32,42.23,20,0,Asia,4.53,7.52,2
SUP014,PROD035,Furniture,749,811.05,49,455,2023-05-08 15:43:38.837675,True,Africa,2022,3.65,10.82,19,18.82,19,2,South America,2.74,26.6,8
SUP003,PROD012,Electronics,497,470.41,2,125,2023-05-09 09:14:04.088176,False,Asia,2022,1.31,12.1,2,220.79,12,25,Europe,3.99,29.09,4
SUP001,PROD025,Clothing,905,917.45,12,990,2023-05-10 02:44:29.338677,True,South America,2023,2.42,4.41,10,263.46,29,17,South America,5.0,12.61,10
SUP005,PROD021,Food,414,1075.65,42,628,2023-05-10 20:14:54.589178,False,Europe,2023,3.2,12.51,17,74.01,8,8,North America,3.9,19.51,10
SUP010,PROD036,Electronics,724,412.57,48,903,2023-05-11 13:45:19.839679,True,North America,2021,2.61,11.43,37,55.95,14,37,North America,1.46,24.81,1
SUP007,PROD023,Furniture,375,623.26,29,541,2023-05-12 07:15:45.090180,False,Africa,2021,4.33,3.7,12,28.04,2,22,South America,3.07,42.49,13
SUP015,PROD016,Clothing,516,187.22,44,243,2023-05-13 00:46:10.340681,True,South America,2023,4.26,1.19,6,248.58,13,20,Africa,3.35,46.82,5
SUP014,PROD039,Furniture,463,275.82,5,211,2023-05-13 18:16:35.591182,True,North America,2021,3.45,12.09,22,100.3,22,0,North America,1.7,33.28,13
SUP007,PROD039,Furniture,504,1023.27,16,396,2023-05-14 11:47:00.841683,True,North America,2023,2.49,15.27,32,126.49,10,20,North America,4.85,22.77,1
SUP011,PROD014,Clothing,635,276.25,44,410,2023-05-15 05:17:26.092184,True,Africa,2023,2.02,10.47,20,155.8,23,26,South America,1.7,16.43,7
SUP009,PROD031,Furniture,282,790.12,18,818,2023-05-15 22:47:51.342685,True,South America,2021,1.42,4.54,1,253.44,21,41,North America,1.71,49.2,8
SUP015,PROD005,Clothing,273,1065.02,41,633,2023-05-16 16:18:16.593186,True,North America,2021,2.42,13.33,6,198.74,11,5,Africa,4.66,49.24,3
SUP015,PROD035,Electronics,880,164.78,34,136,2023-05-17 09:48:41.843687,True,North America,2022,2.65,1.6,19,188.37,12,43,Africa,2.86,46.62,3
SUP010,PROD023,Clothing,461,853.13,45,983,2023-05-18 03:19:07.094188,True,South America,2022,3.7,8.84,18,60.94,25,35,Africa,1.25,40.36,7
SUP010,PROD029,Clothing,621,388.56,25,311,2023-05-18 20:49:32.344689,True,Asia,2022,3.63,3.27,6,158.83,12,27,Europe,3.39,19.66,4
SUP012,PROD011,Food,384,1444.58,4,263,2023-05-19 14:19:57.595190,True,North America,2023,1.28,3.69,33,217.46,0,44,Africa,3.41,41.77,3
SUP013,PROD018,Clothing,271,727.9,28,714,2023-05-20 07:50:22.845691,False,Europe,2021,2.58,4.05,23,292.25,23,16,Africa,1.26,23.4,8
SUP003,PROD012,Clothing,86,1209.96,36,771,2023-05-21 01:20:48.096192,True,South America,2023,1.73,7.73,23,68.41,9,39,Europe,4.89,19.7,3
SUP015,PROD009,Electronics,327,827.59,19,962,2023-05-21 18:51:13.346693,False,North America,2021,1.63,1.02,26,12.77,2,2,Asia,3.18,38.52,13
SUP007,PROD010,Food,245,69.9,48,622,2023-05-22 12:21:38.597194,True,Africa,2023,4.31,7.96,13,31.84,23,11,North America,3.24,8.58,14
SUP001,PROD017,Stationery,965,951.56,20,829,2023-05-23 05:52:03.847695,True,Europe,2022,1.17,10.23,7,119.0,27,38,Africa,3.08,7.19,7
SUP004,PROD038,Electronics,913,1427.35,9,311,2023-05-23 23:22:29.098196,True,North America,2022,2.68,9.67,15,247.96,3,11,North America,3.44,25.16,2
SUP013,PROD007,Electronics,533,904.41,4,779,2023-05-24 16:52:54.348697,True,Europe,2022,1.67,7.66,27,12.07,15,1,South America,2.06,25.05,11
SUP004,PROD013,Stationery,291,1229.69,35,332,2023-05-25 10:23:19.599198,True,Europe,2023,4.52,16.78,26,142.45,7,45,North America,2.15,45.3,11
SUP014,PROD040,Clothing,373,1326.89,5,697,2023-05-26 03:53:44.849699,True,Asia,2021,3.23,2.91,33,105.48,15,21,Europe,3.05,10.68,1
SUP005,PROD009,Furniture,780,345.98,25,516,2023-05-26 21:24:10.100200,True,Europe,2021,1.93,10.11,15,25.22,26,22,North America,4.23,10.55,12
SUP007,PROD027,Food,241,322.01,3,429,2023-05-27 14:54:35.350701,False,Asia,2022,3.01,1.24,36,140.57,16,29,North America,1.2,11.64,6
SUP007,PROD002,Furniture,66,918.42,38,411,2023-05-28 08:25:00.601202,True,South America,2022,3.93,1.42,27,83.88,18,4,North America,3.41,6.34,8
SUP013,PROD005,Stationery,573,619.49,38,498,2023-05-29 01:55:25.851703,True,Asia,2022,4.83,11.48,5,112.05,21,8,Asia,4.23,8.23,1
SUP015,PROD029,Electronics,967,1260.59,49,490,2023-05-29 19:25:51.102204,True,Africa,2022,1.88,11.32,2,214.63,14,20,Asia,1.63,34.69,13
SUP011,PROD037,Electronics,450,1350.53,34,142,2023-05-30 12:56:16.352705,True,North America,2021,4.54,17.56,33,161.25,15,10,South America,1.06,24.42,10
SUP013,PROD038,Food,955,533.36,0,670,2023-05-31 06:26:41.603206,True,South America,2023,4.74,11.16,16,46.15,14,4,Europe,2.25,39.36,12
SUP004,PROD019,Electronics,935,359.12,23,802,2023-05-31 23:57:06.853707,True,South America,2023,4.67,19.2,23,288.81,24,34,North America,3.35,49.67,9
SUP013,PROD008,Electronics,754,1171.89,35,916,2023-06-01 17:27:32.104208,True,Africa,2023,3.54,0.97,38,194.41,1,26,North America,1.55,34.66,3
SUP007,PROD001,Food,71,415.84,5,473,2023-06-02 10:57:57.354709,True,Asia,2023,3.52,1.96,16,232.1,10,48,North America,2.7,7.27,3
SUP011,PROD022,Food,523,1234.81,40,191,2023-06-03 04:28:22.605210,True,North America,2022,2.61,0.88,14,32.97,0,1,North America,3.21,9.71,4
SUP003,PROD017,Stationery,169,638.49,45,340,2023-06-03 21:58:47.855711,True,Asia,2022,4.01,3.71,29,23.65,14,23,Asia,3.4,44.65,11
SUP006,PROD007,Electronics,259,1002.99,43,481,2023-06-04 15:29:13.106212,False,Europe,2022,3.13,10.83,26,15.64,25,30,South America,2.1,28.74,1
SUP012,PROD025,Electronics,355,147.83,30,798,2023-06-05 08:59:38.356713,True,Asia,2023,3.71,12.91,35,64.75,18,32,Africa,2.6,42.12,9
SUP002,PROD004,Stationery,319,937.67,19,901,2023-06-06 02:30:03.607214,True,South America,2022,2.71,0.91,15,130.18,3,38,Europe,4.11,43.55,11
SUP010,PROD036,Clothing,753,680.39,23,873,2023-06-06 20:00:28.857715,True,North America,2022,3.93,18.92,3,281.39,10,29,North America,4.76,46.75,3
SUP013,PROD006,Clothing,736,881.98,24,738,2023-06-07 13:30:54.108216,False,Asia,2021,4.3,16.84,23,142.55,4,45,South America,4.45,47.74,13
SUP014,PROD031,Clothing,334,256.18,35,702,2023-06-08 07:01:19.358717,True,North America,2021,1.59,5.93,29,94.17,2,36,Africa,3.26,29.97,10
SUP009,PROD019,Stationery,765,1106.63,20,750,2023-06-09 00:31:44.609218,True,North America,2022,4.33,1.54,34,172.96,12,27,South America,2.64,20.35,4
SUP005,PROD039,Electronics,725,1294.88,29,98,2023-06-09 18:02:09.859719,True,Europe,2021,3.16,3.4,33,42.46,9,30,Asia,2.33,48.28,1
SUP006,PROD027,Stationery,812,329.03,23,351,2023-06-10 11:32:35.110220,True,Europe,2021,4.38,2.54,23,186.76,10,10,Africa,1.5,29.63,4
SUP012,PROD010,Stationery,276,148.09,43,930,2023-06-11 05:03:00.360721,True,South America,2022,2.73,2.47,7,174.85,17,22,South America,1.43,7.89,13
SUP012,PROD026,Clothing,997,40.34,41,239,2023-06-11 22:33:25.611222,True,Africa,2022,2.52,10.37,3,239.68,1,1,Asia,3.75,33.92,1
SUP012,PROD019,Furniture,430,964.75,29,185,2023-06-12 16:03:50.861723,True,North America,2022,4.66,4.92,32,296.14,6,39,South America,2.04,31.45,5
SUP012,PROD039,Electronics,509,912.61,21,604,2023-06-13 09:34:16.112224,True,Africa,2022,2.0,7.16,31,82.75,8,40,South America,2.02,45.31,5
SUP004,PROD003,Clothing,56,822.31,27,453,2023-06-14 03:04:41.362725,True,South America,2023,4.38,19.79,18,157.8,9,26,Africa,4.99,34.39,14
SUP014,PROD013,Furniture,78,351.76,6,941,2023-06-14 20:35:06.613226,True,North America,2023,2.94,13.69,7,273.57,17,34,Asia,1.75,20.71,11
SUP014,PROD028,Furniture,956,589.4,34,914,2023-06-15 14:05:31.863727,True,North America,2022,3.06,18.98,1,237.71,22,1,North America,1.59,48.48,7
SUP011,PROD020,Food,82,893.74,27,651,2023-06-16 07:35:57.114228,True,Africa,2021,2.23,2.85,14,151.35,6,38,Europe,1.39,41.07,14
SUP010,PROD028,Electronics,695,747.67,13,856,2023-06-17 01:06:22.364729,False,Asia,2022,3.29,7.64,32,284.16,26,36,Africa,3.32,33.37,8
SUP007,PROD008,Furniture,928,1481.74,9,390,2023-06-17 18:36:47.615230,True,Europe,2022,2.3,11.09,6,26.6,6,20,Asia,3.51,18.18,4
SUP012,PROD039,Clothing,128,208.98,15,806,2023-06-18 12:07:12.865731,True,Asia,2021,1.16,1.54,39,279.99,2,4,South America,2.46,21.81,7
SUP009,PROD001,Food,977,1044.24,15,994,2023-06-19 05:37:38.116232,True,Africa,2023,2.09,0.08,10,24.65,11,44,Asia,3.14,35.15,4
SUP007,PROD003,Electronics,996,609.46,30,753,2023-06-19 23:08:03.366733,True,Europe,2022,1.03,13.41,7,168.72,6,20,Europe,4.15,8.24,3
SUP014,PROD013,Stationery,508,645.16,41,367,2023-06-20 16:38:28.617234,True,Asia,2022,4.91,12.84,26,268.23,16,28,Europe,4.27,16.55,6
SUP001,PROD028,Clothing,619,1077.81,24,667,2023-06-21 10:08:53.867735,True,Europe,2023,4.86,8.22,34,86.19,25,19,North America,4.83,37.13,4
SUP001,PROD025,Furniture,587,1040.19,12,412,2023-06-22 03:39:19.118236,True,North America,2023,2.58,9.79,30,146.95,0,37,North America,4.3,26.6,14
SUP009,PROD033,Furniture,531,1486.93,5,871,2023-06-22 21:09:44.368737,True,Asia,2021,3.91,8.31,36,104.06,4,19,Europe,3.26,23.11,3
SUP011,PROD038,Clothing,479,196.95,43,431,2023-06-23 14:40:09.619238,True,Europe,2023,2.38,0.48,21,286.12,15,49,Africa,1.72,11.82,9
SUP014,PROD006,Furniture,787,160.64,8,282,2023-06-24 08:10:34.869739,True,Europe,2023,3.68,6.71,17,248.86,14,24,Africa,1.4,24.88,5
SUP009,PROD032,Food,334,1087.89,44,826,2023-06-25 01:41:00.120240,True,Europe,2023,4.22,3.54,33,215.61,1,1,South America,1.22,39.68,13
SUP004,PROD021,Electronics,565,869.69,35,393,2023-06-25 19:11:25.370741,True,Asia,2021,4.79,1.97,10,180.41,8,31,North America,3.67,16.88,14
SUP013,PROD016,Food,148,414.87,42,598,2023-06-26 12:41:50.621242,True,South America,2023,2.6,19.13,12,247.97,6,25,South America,4.23,5.24,7
SUP009,PROD021,Furniture,446,123.73,19,866,2023-06-27 06:12:15.871743,True,Asia,2023,4.13,11.99,16,123.76,3,5,North America,3.03,35.08,12
SUP003,PROD011,Stationery,538,133.06,17,602,2023-06-27 23:42:41.122244,True,Africa,2021,2.06,14.57,32,139.79,19,40,Europe,1.22,48.77,14
SUP007,PROD037,Electronics,88,1341.82,42,578,2023-06-28 17:13:06.372745,True,Asia,2023,4.96,6.31,15,221.7,17,2,Africa,3.14,32.31,6
SUP006,PROD036,Electronics,320,291.84,20,905,2023-06-29 10:43:31.623246,True,Europe,2023,1.1,7.86,27,113.75,20,32,Africa,4.74,10.4,10
SUP008,PROD035,Clothing,936,488.44,3,838,2023-06-30 04:13:56.873747,True,North America,2021,3.41,4.74,28,28.53,3,0,Europe,3.39,19.43,5
SUP011,PROD019,Clothing,846,343.85,49,868,2023-06-30 21:44:22.124248,True,Asia,2022,3.64,1.94,17,31.56,27,4,South America,4.24,44.04,7
SUP009,PROD020,Stationery,206,535.72,32,620,2023-07-01 15:14:47.374749,False,Asia,2021,3.75,3.58,2,43.46,12,12,South America,4.2,15.47,11
SUP014,PROD018,Electronics,124,108.79,26,984,2023-07-02 08:45:12.625250,True,Europe,2023,1.48,15.95,36,262.21,0,18,Asia,4.73,32.35,6
SUP005,PROD014,Stationery,933,780.99,6,232,2023-07-03 02:15:37.875751,True,North America,2023,4.75,13.55,7,146.95,27,11,North America,4.08,23.12,10
SUP001,PROD015,Clothing,849,106.08,5,90,2023-07-03 19:46:03.126252,True,North America,2023,1.72,10.94,13,216.74,23,47,South America,3.99,14.35,2
SUP003,PROD031,Clothing,179,1201.53,14,600,2023-07-04 13:16:28.376753,True,Africa,2021,3.49,9.5,15,123.94,2,24,Europe,1.94,41.6,13
SUP010,PROD001,Electronics,736,354.4,17,446,2023-07-05 06:46:53.627254,True,Asia,2023,1.89,18.45,25,85.03,15,34,South America,1.24,38.43,13
SUP012,PROD003,Food,133,812.32,31,753,2023-07-06 00:17:18.877755,True,North America,2023,2.23,1.45,23,110.69,29,11,Africa,3.07,34.77,13
SUP008,PROD016,Furniture,71,1320.72,10,828,2023-07-06 17:47:44.128256,False,North America,2021,3.19,5.61,22,240.31,21,29,North America,1.5,15.64,3
SUP015,PROD023,Clothing,508,978.06,19,543,2023-07-07 11:18:09.378757,True,South America,2022,2.67,7.0,26,191.31,3,4,Asia,4.85,9.4,2
SUP011,PROD011,Clothing,588,801.77,23,708,2023-07-08 04:48:34.629258,True,South America,2022,1.64,15.65,33,281.92,24,33,North America,2.16,30.93,12
SUP006,PROD012,Food,756,489.88,14,956,2023-07-08 22:18:59.879759,True,North America,2023,1.68,19.85,11,207.11,22,21,Africa,4.41,29.92,3
SUP008,PROD010,Food,898,502.84,47,382,2023-07-09 15:49:25.130260,True,Africa,2021,2.67,4.81,10,175.35,24,38,Africa,2.55,13.48,1
SUP009,PROD032,Stationery,431,1005.88,6,176,2023-07-10 09:19:50.380761,True,North America,2023,4.03,17.49,25,186.96,15,12,Africa,2.29,7.53,8
SUP004,PROD016,Stationery,797,1491.24,20,607,2023-07-11 02:50:15.631262,True,Europe,2021,4.59,16.61,37,283.29,25,46,Africa,4.74,8.63,6
SUP001,PROD008,Furniture,489,994.45,41,606,2023-07-11 20:20:40.881763,True,Asia,2021,1.34,4.49,38,238.58,18,2,Europe,2.45,49.67,13
SUP014,PROD038,Furniture,653,838.89,25,50,2023-07-12 13:51:06.132264,True,Africa,2022,2.57,7.99,24,16.97,0,19,Asia,2.56,40.26,2
SUP001,PROD012,Electronics,70,1097.32,43,217,2023-07-13 07:21:31.382765,True,Europe,2022,1.4,8.19,33,164.9,4,30,Africa,1.42,46.49,8
SUP010,PROD024,Stationery,352,700.48,13,669,2023-07-14 00:51:56.633266,True,Africa,2021,1.07,19.56,17,209.62,18,4,Africa,3.68,13.78,6
SUP004,PROD028,Clothing,918,94.91,36,68,2023-07-14 18:22:21.883767,True,Europe,2023,3.65,3.62,24,227.12,21,23,South America,2.16,48.23,7
SUP012,PROD008,Stationery,133,845.63,20,381,2023-07-15 11:52:47.134268,True,Asia,2022,3.41,15.98,37,71.81,23,39,Asia,3.34,11.42,11
SUP014,PROD028,Clothing,823,1436.65,17,633,2023-07-16 05:23:12.384769,True,Asia,2023,1.65,6.68,2,261.48,10,32,North America,3.37,27.91,1
SUP007,PROD036,Food,708,267.08,4,505,2023-07-16 22:53:37.635270,True,South America,2022,1.94,14.62,32,287.19,12,7,Asia,3.88,42.34,7
SUP002,PROD026,Stationery,502,1036.56,2,158,2023-07-17 16:24:02.885771,True,Europe,2022,1.09,8.4,24,78.65,19,23,Asia,3.98,20.74,3
SUP003,PROD008,Food,436,305.4,22,317,2023-07-18 09:54:28.136272,False,South America,2023,4.34,11.57,9,265.96,4,49,Asia,3.06,24.12,11
SUP001,PROD028,Furniture,556,806.06,25,494,2023-07-19 03:24:53.386773,True,Europe,2022,4.9,16.65,4,38.12,20,19,Africa,2.32,10.77,12
SUP005,PROD028,Furniture,306,149.53,36,289,2023-07-19 20:55:18.637274,True,South America,2022,1.54,16.08,17,26.15,3,15,Africa,4.35,10.53,8
SUP001,PROD037,Electronics,619,678.3,23,978,2023-07-20 14:25:43.887775,False,Asia,2023,1.93,17.33,17,47.47,3,49,Europe,2.24,32.88,6
SUP008,PROD036,Stationery,941,1135.46,48,350,2023-07-21 07:56:09.138276,True,Africa,2022,4.47,1.19,30,26.74,3,11,North America,3.03,35.4,4
SUP001,PROD027,Food,983,524.62,18,651,2023-07-22 01:26:34.388777,True,South America,2022,4.71,13.84,11,255.05,3,12,South America,2.61,39.98,11
SUP011,PROD017,Clothing,576,999.04,24,152,2023-07-22 18:56:59.639278,True,Europe,2022,2.68,2.8,21,27.12,19,44,Asia,4.42,30.05,8
SUP001,PROD009,Furniture,211,1194.2,20,299,2023-07-23 12:27:24.889779,True,Europe,2023,1.2,8.32,21,88.78,20,41,North America,2.73,34.06,9
SUP002,PROD033,Furniture,212,1391.13,11,502,2023-07-24 05:57:50.140280,True,Asia,2021,1.16,10.97,18,40.09,17,38,North America,2.54,5.61,10
SUP002,PROD020,Clothing,881,355.79,40,569,2023-07-24 23:28:15.390781,True,Europe,2023,3.3,8.05,29,95.67,17,24,Europe,3.76,12.3,2
SUP012,PROD013,Food,842,601.98,32,202,2023-07-25 16:58:40.641282,True,North America,2021,2.57,10.39,24,36.26,15,45,South America,3.41,49.32,6
SUP006,PROD028,Food,841,232.86,49,908,2023-07-26 10:29:05.891783,True,Africa,2022,1.11,19.93,10,203.72,8,31,Asia,1.43,8.42,5
SUP007,PROD029,Stationery,573,1488.76,3,223,2023-07-27 03:59:31.142284,True,South America,2021,3.33,2.7,17,48.66,17,23,South America,3.03,35.55,5
SUP005,PROD013,Stationery,835,1390.87,41,392,2023-07-27 21:29:56.392785,True,Africa,2023,1.05,13.51,18,257.04,21,47,Europe,3.94,12.92,10
SUP001,PROD035,Electronics,320,812.24,6,719,2023-07-28 15:00:21.643286,True,Asia,2023,4.15,7.92,20,246.99,1,46,Africa,4.97,37.25,11
SUP001,PROD006,Furniture,541,1263.84,21,480,2023-07-29 08:30:46.893787,True,South America,2022,2.23,2.66,37,13.96,20,43,North America,3.52,36.77,3
SUP003,PROD018,Stationery,257,783.83,32,776,2023-07-30 02:01:12.144288,False,South America,2021,1.16,3.17,18,269.76,3,8,Asia,2.48,15.54,12
SUP014,PROD005,Food,588,937.26,16,738,2023-07-30 19:31:37.394789,False,North America,2022,3.35,18.99,17,18.39,11,39,Africa,1.9,17.13,8
SUP002,PROD025,Clothing,633,138.24,23,736,2023-07-31 13:02:02.645290,True,Asia,2022,2.59,17.59,9,79.5,6,49,Europe,4.49,34.46,14
SUP005,PROD002,Food,109,1134.13,33,901,2023-08-01 06:32:27.895791,False,Europe,2023,4.9,18.14,14,19.39,14,22,South America,4.26,22.55,8
SUP012,PROD010,Furniture,479,195.93,27,899,2023-08-02 00:02:53.146292,True,North America,2021,3.18,19.83,29,107.39,6,49,North America,1.94,13.75,12
SUP010,PROD030,Food,706,1239.97,42,707,2023-08-02 17:33:18.396793,False,North America,2021,2.1,4.17,31,159.02,28,12,Asia,1.8,37.93,5
SUP006,PROD005,Electronics,654,1174.13,40,373,2023-08-03 11:03:43.647294,True,Africa,2021,3.84,7.11,4,241.03,21,31,Africa,3.86,11.94,8
SUP007,PROD033,Furniture,358,1064.57,38,722,2023-08-04 04:34:08.897795,True,Africa,2021,2.09,13.38,18,108.01,25,49,Africa,2.26,43.5,10
SUP004,PROD001,Clothing,569,59.06,21,688,2023-08-04 22:04:34.148296,True,Africa,2022,4.62,9.68,20,214.59,20,14,North America,2.23,28.16,8
SUP007,PROD018,Electronics,640,458.18,48,469,2023-08-05 15:34:59.398797,True,North America,2022,2.5,8.37,9,64.38,16,35,South America,1.61,9.76,3
SUP011,PROD032,Furniture,76,398.35,16,643,2023-08-06 09:05:24.649298,True,Europe,2023,3.2,7.16,13,227.67,15,48,Europe,2.06,36.23,2
SUP008,PROD011,Clothing,735,543.4,33,534,2023-08-07 02:35:49.899799,True,South America,2022,1.2,11.88,15,78.44,27,4,South America,2.71,28.36,9
SUP011,PROD021,Electronics,611,136.03,5,708,2023-08-07 20:06:15.150300,True,Africa,2022,2.7,11.51,27,51.63,18,21,South America,3.93,18.41,2
SUP001,PROD026,Electronics,248,1405.75,45,800,2023-08-08 13:36:40.400801,True,Europe,2023,4.33,3.23,15,63.77,8,15,South America,2.35,24.01,9
SUP015,PROD025,Furniture,436,832.93,5,461,2023-08-09 07:07:05.651302,True,Asia,2023,4.22,9.43,28,62.8,13,40,North America,2.31,18.43,4
SUP006,PROD022,Stationery,398,461.76,33,985,2023-08-10 00:37:30.901803,True,Africa,2023,1.9,11.07,37,158.73,16,9,North America,2.14,16.84,12
SUP008,PROD027,Electronics,989,598.49,0,133,2023-08-10 18:07:56.152304,True,South America,2022,1.9,11.41,19,254.99,4,23,Europe,2.91,12.36,13
SUP005,PROD013,Electronics,742,673.57,9,162,2023-08-11 11:38:21.402805,True,Asia,2022,4.27,4.2,26,33.09,1,17,South America,1.72,21.32,2
SUP004,PROD033,Clothing,585,902.89,20,786,2023-08-12 05:08:46.653306,True,Asia,2023,4.72,14.85,26,215.02,19,48,North America,2.94,16.29,10
SUP002,PROD034,Food,877,775.94,4,381,2023-08-12 22:39:11.903807,True,South America,2023,1.38,0.5,25,199.76,15,17,Europe,3.82,35.75,1
SUP006,PROD035,Furniture,427,1379.49,1,427,2023-08-13 16:09:37.154308,True,Africa,2023,2.8,7.1,26,263.03,13,6,Europe,1.12,35.77,4
SUP006,PROD001,Furniture,948,747.96,21,804,2023-08-14 09:40:02.404809,False,North America,2022,2.35,15.6,26,80.8,13,3,South America,1.04,27.58,9
SUP011,PROD021,Stationery,965,1488.28,47,704,2023-08-15 03:10:27.655310,True,South America,2022,4.48,11.28,28,140.53,26,25,Asia,1.3,40.01,12
SUP015,PROD006,Stationery,607,1277.88,1,90,2023-08-15 20:40:52.905811,True,South America,2021,1.33,5.22,18,278.49,0,4,South America,3.14,42.86,9
SUP001,PROD028,Furniture,576,316.72,9,984,2023-08-16 14:11:18.156312,False,South America,2022,1.84,13.9,32,201.4,2,15,Asia,4.42,31.09,4
SUP009,PROD017,Stationery,202,1396.24,33,819,2023-08-17 07:41:43.406813,True,Asia,2022,4.01,11.35,3,122.74,25,34,Europe,1.02,32.85,9
SUP012,PROD005,Clothing,783,178.97,15,846,2023-08-18 01:12:08.657314,True,Europe,2022,1.21,15.92,2,48.11,6,25,North America,4.75,17.73,12
SUP011,PROD031,Furniture,255,1227.09,47,154,2023-08-18 18:42:33.907815,True,North America,2023,2.97,14.7,33,86.12,25,17,Africa,1.43,45.27,6
SUP006,PROD005,Stationery,504,574.03,38,251,2023-08-19 12:12:59.158316,True,Africa,2022,2.77,12.2,19,178.55,14,28,Europe,4.37,6.09,1
SUP013,PROD038,Furniture,322,1317.57,21,499,2023-08-20 05:43:24.408817,True,Africa,2023,2.34,9.76,17,218.27,18,22,North America,2.93,20.69,10
SUP003,PROD003,Food,943,1302.74,11,868,2023-08-20 23:13:49.659318,True,Europe,2021,2.58,2.66,33,46.08,19,13,Europe,3.64,37.48,13
SUP004,PROD023,Electronics,285,1209.86,23,892,2023-08-21 16:44:14.909819,True,South America,2021,3.12,5.23,12,183.88,1,14,South America,3.04,8.6,14
SUP012,PROD037,Furniture,901,1186.1,46,315,2023-08-22 10:14:40.160320,False,North America,2023,1.65,8.38,3,169.6,18,48,Asia,2.91,13.24,6
SUP011,PROD037,Electronics,789,460.5,39,959,2023-08-23 03:45:05.410821,True,Africa,2023,3.29,11.99,26,159.05,8,32,Europe,4.34,31.52,9
SUP004,PROD010,Stationery,570,125.97,37,259,2023-08-23 21:15:30.661322,True,Africa,2023,4.22,10.27,35,210.14,18,24,North America,4.02,30.2,13
SUP003,PROD010,Electronics,727,607.46,9,612,2023-08-24 14:45:55.911823,True,South America,2022,4.04,5.76,8,252.86,26,20,South America,2.93,38.25,2
SUP010,PROD019,Furniture,993,264.42,34,167,2023-08-25 08:16:21.162324,True,Europe,2021,1.62,0.13,36,103.67,4,16,Africa,1.45,41.57,6
SUP003,PROD017,Food,880,1043.95,48,762,2023-08-26 01:46:46.412825,True,North America,2023,1.6,9.92,7,267.81,17,22,South America,1.46,10.79,2
SUP015,PROD021,Stationery,775,522.42,31,426,2023-08-26 19:17:11.663326,True,Europe,2022,2.07,5.71,36,56.58,15,42,Asia,4.21,5.83,4
SUP003,PROD014,Furniture,550,1463.54,6,600,2023-08-27 12:47:36.913827,True,Europe,2021,2.44,14.69,16,60.18,3,16,South America,3.12,36.03,8
SUP004,PROD009,Stationery,166,963.25,20,589,2023-08-28 06:18:02.164328,True,North America,2022,2.63,0.48,24,87.36,11,13,Africa,2.93,18.56,13
SUP007,PROD001,Clothing,435,1234.61,19,820,2023-08-28 23:48:27.414829,True,North America,2021,3.72,11.7,1,44.66,28,28,North America,3.72,33.17,7
SUP004,PROD013,Electronics,393,203.12,25,133,2023-08-29 17:18:52.665330,True,Africa,2022,1.23,18.83,25,76.79,6,19,Europe,4.44,11.77,11
SUP009,PROD004,Clothing,633,1293.71,3,503,2023-08-30 10:49:17.915831,True,Africa,2021,1.14,3.49,10,40.86,13,29,Asia,3.52,26.11,12
SUP001,PROD001,Furniture,444,1384.52,45,716,2023-08-31 04:19:43.166332,True,North America,2021,2.57,9.43,16,248.31,22,18,Africa,4.05,27.7,13
SUP008,PROD040,Food,113,733.16,21,678,2023-08-31 21:50:08.416833,True,Asia,2022,3.79,1.83,16,50.3,11,38,Asia,4.06,31.33,9
SUP007,PROD032,Stationery,766,911.35,14,563,2023-09-01 15:20:33.667334,True,Africa,2023,1.77,12.51,8,226.72,2,12,South America,2.43,28.09,7
SUP002,PROD034,Electronics,770,1148.39,39,654,2023-09-02 08:50:58.917835,True,Asia,2021,3.57,11.01,29,23.9,4,17,Asia,2.1,27.31,1
SUP008,PROD028,Stationery,121,266.38,20,727,2023-09-03 02:21:24.168336,True,North America,2023,2.04,8.15,39,285.07,16,22,Africa,4.2,19.97,2
SUP001,PROD031,Furniture,838,756.34,14,436,2023-09-03 19:51:49.418837,False,Africa,2022,4.54,10.43,28,216.24,25,45,Europe,2.51,8.2,6
SUP011,PROD008,Stationery,323,601.0,21,961,2023-09-04 13:22:14.669338,True,Europe,2023,4.58,17.93,6,11.97,9,32,Europe,4.61,9.03,7
SUP012,PROD039,Electronics,369,223.83,27,399,2023-09-05 06:52:39.919839,False,North America,2023,2.19,3.93,16,231.52,9,38,Asia,1.28,24.52,3
SUP009,PROD026,Furniture,387,554.46,13,345,2023-09-06 00:23:05.170340,True,South America,2023,1.92,0.45,20,159.08,10,39,North America,1.23,21.01,9
SUP009,PROD034,Stationery,415,106.92,26,307,2023-09-06 17:53:30.420841,False,Asia,2023,2.65,17.23,16,236.02,16,17,Asia,4.71,28.23,13
SUP002,PROD003,Food,544,43.59,40,130,2023-09-07 11:23:55.671342,True,North America,2023,1.96,11.54,7,161.52,4,8,South America,3.59,18.72,7
SUP007,PROD012,Furniture,656,207.07,39,986,2023-09-08 04:54:20.921843,False,North America,2021,3.69,17.81,14,195.9,12,32,Europe,2.52,35.96,14
SUP015,PROD001,Furniture,215,1444.86,27,317,2023-09-08 22:24:46.172344,False,Africa,2021,4.3,11.94,26,238.04,9,31,Europe,4.02,43.88,6
SUP014,PROD005,Food,593,826.55,25,468,2023-09-09 15:55:11.422845,True,Africa,2021,3.69,16.2,26,127.48,8,16,Europe,3.69,18.45,13
SUP010,PROD030,Clothing,60,1448.9,48,284,2023-09-10 09:25:36.673346,False,Africa,2022,4.3,8.59,14,10.79,16,18,North America,3.12,13.68,6
SUP003,PROD030,Electronics,350,651.58,1,882,2023-09-11 02:56:01.923847,True,South America,2023,2.59,15.0,7,256.48,0,26,North America,1.4,10.23,1
SUP007,PROD017,Clothing,778,471.17,24,360,2023-09-11 20:26:27.174348,True,Africa,2021,1.63,18.26,33,120.46,3,5,Africa,4.25,32.73,13
SUP012,PROD023,Stationery,850,761.68,2,862,2023-09-12 13:56:52.424849,True,North America,2022,3.95,11.44,26,153.85,3,34,Asia,4.46,24.97,5
SUP010,PROD015,Food,151,662.07,7,406,2023-09-13 07:27:17.675350,True,Africa,2021,2.44,3.62,20,12.25,17,36,Asia,1.69,13.46,10
SUP009,PROD037,Clothing,474,162.97,43,262,2023-09-14 00:57:42.925851,True,Europe,2021,3.69,5.38,3,152.71,8,33,South America,4.4,34.39,3
SUP004,PROD021,Furniture,441,963.04,32,623,2023-09-14 18:28:08.176352,True,Africa,2023,2.08,3.97,4,296.08,29,19,Europe,4.51,11.68,7
SUP012,PROD014,Stationery,828,327.98,41,98,2023-09-15 11:58:33.426853,False,South America,2022,1.32,4.94,26,90.7,24,24,North America,3.2,29.94,10
SUP001,PROD002,Stationery,263,931.28,34,176,2023-09-16 05:28:58.677354,True,Europe,2023,4.97,6.13,11,124.67,28,3,South America,3.62,28.72,3
SUP002,PROD011,Clothing,740,977.05,5,272,2023-09-16 22:59:23.927855,True,North America,2023,1.62,11.1,2,209.29,28,9,South America,2.53,38.04,5
SUP001,PROD039,Clothing,137,232.28,38,970,2023-09-17 16:29:49.178356,False,North America,2021,4.95,11.76,14,246.29,17,9,North America,2.13,7.48,7
SUP014,PROD038,Food,602,96.72,22,328,2023-09-18 10:00:14.428857,False,Asia,2023,4.91,8.53,30,131.04,13,23,Asia,3.89,44.95,14
SUP012,PROD034,Electronics,450,1172.24,24,457,2023-09-19 03:30:39.679358,False,Europe,2022,4.18,12.31,12,99.8,24,20,Europe,4.45,36.63,3
SUP005,PROD038,Clothing,637,692.4,49,554,2023-09-19 21:01:04.929859,True,Asia,2023,3.64,1.63,26,281.97,14,10,Asia,3.62,14.73,13
SUP005,PROD034,Clothing,938,91.95,42,343,2023-09-20 14:31:30.180360,False,Europe,2023,3.31,1.76,33,206.37,5,26,South America,3.05,13.25,13
SUP011,PROD018,Furniture,95,1492.33,18,845,2023-09-21 08:01:55.430861,True,Europe,2023,4.46,3.44,13,44.52,23,15,Europe,1.64,24.42,10
SUP007,PROD030,Stationery,721,91.38,4,326,2023-09-22 01:32:20.681362,True,South America,2021,2.16,10.36,14,29.99,9,25,Africa,1.21,41.79,2
SUP009,PROD015,Electronics,512,1044.08,10,487,2023-09-22 19:02:45.931863,True,Asia,2022,2.87,4.28,24,150.23,28,29,South America,2.78,42.93,6
SUP009,PROD027,Furniture,641,1475.6,11,156,2023-09-23 12:33:11.182364,True,South America,2021,3.48,5.67,34,73.83,14,48,Asia,1.2,28.42,8
SUP003,PROD034,Food,359,362.57,9,707,2023-09-24 06:03:36.432865,True,Europe,2021,2.64,8.01,26,83.66,28,15,Asia,3.28,43.74,4
SUP003,PROD038,Food,135,217.66,7,469,2023-09-24 23:34:01.683366,True,North America,2021,2.71,16.24,21,264.53,3,6,Asia,2.53,5.24,9
SUP003,PROD033,Clothing,141,186.47,23,660,2023-09-25 17:04:26.933867,True,Europe,2021,2.32,0.28,28,35.97,17,15,North America,4.03,6.58,12
SUP004,PROD024,Clothing,709,458.4,27,478,2023-09-26 10:34:52.184368,True,South America,2021,3.26,12.99,36,217.46,17,34,South America,2.22,46.03,12
SUP008,PROD015,Food,722,156.06,40,424,2023-09-27 04:05:17.434869,True,Asia,2022,4.4,13.38,2,88.63,24,15,Europe,3.37,39.89,8
SUP006,PROD030,Clothing,763,1039.78,35,122,2023-09-27 21:35:42.685370,True,Asia,2023,1.81,15.97,9,230.5,16,39,Asia,3.15,25.28,7
SUP008,PROD017,Electronics,985,98.13,36,998,2023-09-28 15:06:07.935871,True,South America,2021,4.74,18.66,23,219.5,11,11,Asia,1.02,38.91,14
SUP001,PROD005,Clothing,977,766.59,20,683,2023-09-29 08:36:33.186372,True,Asia,2021,3.76,0.4,15,12.14,6,34,North America,1.29,48.0,7
SUP008,PROD029,Stationery,291,1495.06,7,79,2023-09-30 02:06:58.436873,True,Africa,2022,4.29,3.08,13,157.65,15,48,Europe,2.16,39.74,3
SUP004,PROD004,Clothing,914,1221.89,8,237,2023-09-30 19:37:23.687374,True,North America,2022,3.22,17.72,23,50.4,10,20,South America,4.53,42.91,14
SUP011,PROD010,Furniture,51,924.75,46,413,2023-10-01 13:07:48.937875,False,North America,2023,4.12,9.17,17,261.21,13,49,Africa,1.59,39.23,6
SUP001,PROD017,Electronics,274,462.85,14,915,2023-10-02 06:38:14.188376,True,North America,2022,1.06,11.29,2,262.76,2,42,North America,3.84,12.57,13
SUP008,PROD010,Furniture,850,937.72,47,849,2023-10-03 00:08:39.438877,True,Asia,2023,4.27,13.26,20,131.32,18,35,South America,4.89,42.51,13
SUP004,PROD017,Furniture,794,792.93,45,500,2023-10-03 17:39:04.689378,True,Asia,2021,1.16,13.58,20,138.87,17,47,Africa,4.16,13.78,5
SUP006,PROD020,Stationery,975,641.99,39,244,2023-10-04 11:09:29.939879,True,Europe,2021,4.56,18.63,3,97.95,29,16,Asia,1.97,45.17,1
SUP008,PROD024,Electronics,978,200.41,17,205,2023-10-05 04:39:55.190380,True,Europe,2023,4.97,19.94,12,217.82,9,31,Asia,4.63,25.64,11
SUP004,PROD005,Electronics,638,1330.47,41,221,2023-10-05 22:10:20.440881,True,North America,2022,2.18,14.4,2,114.01,5,40,Europe,1.37,35.46,3
SUP014,PROD034,Electronics,165,677.43,19,896,2023-10-06 15:40:45.691382,True,Africa,2023,1.84,5.74,36,87.66,12,5,Africa,2.87,27.38,13
SUP003,PROD006,Electronics,715,295.96,5,90,2023-10-07 09:11:10.941883,True,Europe,2022,4.06,17.6,14,135.35,9,23,Asia,4.55,9.23,12
SUP014,PROD002,Electronics,967,554.8,11,112,2023-10-08 02:41:36.192384,True,Europe,2021,2.01,0.98,16,36.53,17,26,Asia,3.57,18.08,1
SUP009,PROD013,Stationery,152,624.12,1,72,2023-10-08 20:12:01.442885,True,Asia,2022,4.46,4.62,19,226.51,25,19,Europe,2.65,49.27,4
SUP003,PROD011,Clothing,243,1242.17,6,409,2023-10-09 13:42:26.693386,True,Africa,2023,1.41,17.95,34,13.65,19,24,South America,2.17,48.23,10
SUP009,PROD023,Furniture,215,1101.75,15,124,2023-10-10 07:12:51.943887,True,North America,2023,1.5,5.12,6,196.9,25,1,Asia,2.5,19.42,3
SUP013,PROD016,Electronics,920,1155.11,2,609,2023-10-11 00:43:17.194388,True,Europe,2021,4.92,4.41,13,63.03,15,8,North America,3.04,49.83,11
SUP002,PROD031,Clothing,139,21.49,44,721,2023-10-11 18:13:42.444889,True,Africa,2022,3.7,2.76,36,77.4,24,27,North America,2.28,43.05,4
SUP014,PROD011,Clothing,735,627.15,2,874,2023-10-12 11:44:07.695390,False,Africa,2022,4.39,17.18,22,194.33,24,37,South America,4.88,32.49,9
SUP002,PROD016,Furniture,171,724.61,26,167,2023-10-13 05:14:32.945891,False,North America,2022,2.3,10.0,18,297.95,5,2,Africa,4.73,6.81,3
SUP002,PROD008,Stationery,192,33.69,49,661,2023-10-13 22:44:58.196392,True,Africa,2021,3.71,13.5,12,235.54,12,19,Europe,4.48,45.57,12
SUP006,PROD004,Food,155,393.42,42,429,2023-10-14 16:15:23.446893,True,Africa,2022,3.38,4.78,30,75.49,3,5,North America,2.69,30.08,6
SUP003,PROD040,Food,936,1141.63,39,978,2023-10-15 09:45:48.697394,True,Africa,2023,3.41,15.16,7,61.05,22,38,North America,3.77,44.08,6
SUP013,PROD004,Clothing,477,209.98,37,969,2023-10-16 03:16:13.947895,True,Europe,2022,3.73,15.2,32,261.21,13,32,South America,4.61,42.55,7
SUP009,PROD025,Furniture,354,805.29,32,728,2023-10-16 20:46:39.198396,True,North America,2021,3.3,6.25,19,138.81,0,0,Africa,4.4,42.49,9
SUP004,PROD003,Food,921,326.73,27,339,2023-10-17 14:17:04.448897,False,Africa,2022,2.72,8.21,6,49.75,27,36,Africa,2.66,36.42,12
SUP001,PROD032,Clothing,366,23.12,0,489,2023-10-18 07:47:29.699398,False,Africa,2022,2.1,4.19,20,260.04,19,5,South America,1.45,18.11,7
SUP004,PROD003,Stationery,684,365.6,7,717,2023-10-19 01:17:54.949899,True,Europe,2023,4.07,19.53,27,246.67,4,44,North America,1.3,20.13,14
SUP001,PROD027,Food,951,1463.93,36,982,2023-10-19 18:48:20.200400,True,North America,2022,1.91,12.91,37,295.33,7,33,Europe,3.31,18.88,1
SUP014,PROD029,Clothing,58,1203.3,31,56,2023-10-20 12:18:45.450901,True,Asia,2023,3.77,18.69,7,273.83,11,46,North America,3.57,5.9,8
SUP005,PROD032,Clothing,823,1439.57,47,245,2023-10-21 05:49:10.701402,True,Europe,2023,1.93,6.07,5,257.02,1,14,Africa,4.4,31.22,5
SUP004,PROD019,Electronics,122,734.34,42,470,2023-10-21 23:19:35.951903,True,North America,2021,3.5,15.64,11,25.25,11,44,North America,2.17,36.45,9
SUP008,PROD021,Stationery,408,169.06,36,617,2023-10-22 16:50:01.202404,True,Africa,2023,3.99,15.32,15,40.28,4,25,Europe,1.67,43.42,10
SUP008,PROD005,Electronics,272,824.2,3,882,2023-10-23 10:20:26.452905,True,North America,2023,1.87,13.83,3,175.01,21,13,Asia,2.52,11.31,13
SUP007,PROD018,Furniture,465,684.29,29,242,2023-10-24 03:50:51.703406,True,North America,2021,1.24,19.31,5,164.13,4,6,North America,2.41,29.49,12
SUP003,PROD028,Electronics,602,1267.31,5,608,2023-10-24 21:21:16.953907,True,North America,2023,1.52,7.87,23,142.81,12,45,South America,1.53,5.36,5
SUP001,PROD022,Electronics,419,151.63,45,197,2023-10-25 14:51:42.204408,False,Asia,2021,3.42,2.61,37,125.07,8,30,Asia,3.69,9.28,5
SUP001,PROD021,Food,765,734.92,18,836,2023-10-26 08:22:07.454909,True,North America,2022,4.4,13.43,9,135.05,9,23,South America,3.03,7.44,12
SUP012,PROD006,Clothing,313,229.32,31,718,2023-10-27 01:52:32.705410,True,Asia,2021,1.18,14.59,15,175.1,0,30,South America,3.88,37.65,12
SUP011,PROD001,Stationery,889,490.39,8,251,2023-10-27 19:22:57.955911,True,Africa,2023,3.94,11.5,3,10.6,29,28,South America,2.41,8.65,14
SUP003,PROD005,Electronics,739,1107.35,11,493,2023-10-28 12:53:23.206412,True,Asia,2021,2.37,4.14,29,85.61,2,41,North America,2.3,37.24,2
SUP006,PROD012,Stationery,909,716.65,10,963,2023-10-29 06:23:48.456913,True,Africa,2023,2.91,10.09,6,160.3,29,31,Africa,2.89,16.23,12
SUP007,PROD026,Electronics,367,566.95,45,468,2023-10-29 23:54:13.707414,True,Africa,2022,4.72,6.24,17,219.44,17,16,Asia,4.51,44.5,11
SUP006,PROD034,Furniture,133,594.74,15,476,2023-10-30 17:24:38.957915,False,Asia,2021,2.33,8.55,26,60.51,11,13,Europe,1.16,41.59,3
SUP014,PROD014,Electronics,367,691.87,0,528,2023-10-31 10:55:04.208416,True,Europe,2022,2.86,12.9,21,168.6,28,39,Africa,4.22,48.1,10
SUP014,PROD026,Food,160,1178.6,44,524,2023-11-01 04:25:29.458917,False,South America,2023,1.05,14.9,8,217.19,2,35,North America,2.48,44.77,9
SUP006,PROD027,Clothing,300,1338.67,20,175,2023-11-01 21:55:54.709418,True,North America,2023,1.33,4.64,21,138.94,25,47,South America,4.42,47.0,7
SUP006,PROD009,Furniture,432,1433.23,29,444,2023-11-02 15:26:19.959919,True,South America,2022,2.03,8.11,11,17.85,24,23,Europe,4.21,43.64,1
SUP013,PROD026,Electronics,56,1181.42,12,866,2023-11-03 08:56:45.210420,True,North America,2021,1.11,5.38,38,140.29,28,44,Asia,2.4,36.2,3
SUP003,PROD022,Stationery,508,476.53,33,930,2023-11-04 02:27:10.460921,True,North America,2021,3.53,3.97,8,95.97,29,26,Africa,3.78,12.66,12
SUP006,PROD030,Furniture,133,1033.76,3,855,2023-11-04 19:57:35.711422,True,Africa,2023,2.71,15.67,24,279.6,8,24,Africa,1.64,17.23,2
SUP008,PROD017,Furniture,257,659.22,27,625,2023-11-05 13:28:00.961923,True,North America,2022,3.19,18.19,35,46.14,25,31,Europe,4.59,14.57,1
SUP011,PROD026,Electronics,949,385.73,37,374,2023-11-06 06:58:26.212424,True,North America,2022,1.7,7.4,14,199.22,1,17,North America,2.62,32.16,9
SUP011,PROD036,Furniture,439,1262.1,30,441,2023-11-07 00:28:51.462925,False,Asia,2021,2.18,15.03,14,25.29,29,45,Asia,2.82,27.66,8
SUP002,PROD001,Stationery,363,62.45,26,979,2023-11-07 17:59:16.713426,False,South America,2021,3.66,17.94,10,139.39,2,17,Europe,3.82,44.02,5
SUP005,PROD008,Furniture,71,1353.13,4,737,2023-11-08 11:29:41.963927,False,Asia,2021,4.86,16.92,12,170.65,13,36,South America,4.28,47.87,11
SUP014,PROD035,Stationery,459,694.91,24,677,2023-11-09 05:00:07.214428,True,North America,2022,1.2,3.66,38,96.41,3,25,Asia,1.95,23.22,12
SUP001,PROD015,Electronics,944,957.62,2,489,2023-11-09 22:30:32.464929,True,Africa,2021,4.56,19.13,34,141.97,24,8,Africa,3.65,27.79,2
SUP012,PROD022,Clothing,564,990.73,32,253,2023-11-10 16:00:57.715430,True,Asia,2021,3.31,7.53,10,57.43,18,34,Europe,2.57,48.72,1
SUP015,PROD014,Furniture,176,1343.2,3,535,2023-11-11 09:31:22.965931,True,Asia,2023,3.26,6.78,17,98.2,12,7,Africa,2.47,17.43,7
SUP001,PROD026,Clothing,858,956.82,24,882,2023-11-12 03:01:48.216432,True,Europe,2021,3.0,1.25,17,190.12,6,19,Africa,3.76,40.66,13
SUP005,PROD028,Stationery,749,922.83,19,80,2023-11-12 20:32:13.466933,True,North America,2021,1.28,9.72,3,97.52,11,41,Africa,2.55,15.14,11
SUP012,PROD023,Furniture,923,104.64,33,437,2023-11-13 14:02:38.717434,True,Africa,2022,1.36,2.18,31,270.93,2,21,North America,2.38,35.67,11
SUP013,PROD014,Food,63,780.02,25,674,2023-11-14 07:33:03.967935,True,Asia,2022,3.4,4.97,1,192.24,22,18,Africa,4.34,16.41,2
SUP003,PROD024,Clothing,61,229.5,4,926,2023-11-15 01:03:29.218436,False,Asia,2023,2.36,6.34,12,137.21,22,29,South America,1.41,44.77,1
SUP004,PROD002,Furniture,136,1107.46,34,483,2023-11-15 18:33:54.468937,True,Africa,2021,4.67,16.18,39,21.24,8,27,South America,3.7,30.27,2
SUP003,PROD026,Clothing,573,770.77,27,886,2023-11-16 12:04:19.719438,True,North America,2023,2.63,17.51,4,154.87,1,34,Asia,1.99,13.37,7
SUP001,PROD014,Furniture,958,1021.94,28,975,2023-11-17 05:34:44.969939,True,Europe,2022,1.57,6.05,13,231.79,28,42,Africa,1.06,15.1,7
SUP001,PROD007,Electronics,586,67.3,8,425,2023-11-17 23:05:10.220440,False,Asia,2023,3.86,17.17,34,87.01,21,10,Africa,1.67,27.22,10
SUP012,PROD003,Clothing,350,131.76,37,393,2023-11-18 16:35:35.470941,True,Europe,2022,2.17,17.14,21,243.96,8,30,Europe,3.43,48.27,6
SUP012,PROD023,Food,292,1075.9,49,492,2023-11-19 10:06:00.721442,True,South America,2023,3.1,15.29,22,83.02,11,48,North America,3.84,39.63,5
SUP014,PROD018,Food,171,112.77,5,628,2023-11-20 03:36:25.971943,True,North America,2023,3.79,2.93,4,248.89,11,47,Asia,1.08,26.97,3
SUP013,PROD038,Stationery,196,111.53,18,124,2023-11-20 21:06:51.222444,True,South America,2021,4.6,13.81,18,34.73,14,38,Africa,1.15,20.2,14
SUP014,PROD035,Furniture,616,23.1,43,606,2023-11-21 14:37:16.472945,True,South America,2023,4.17,18.9,5,261.19,1,35,Europe,4.61,29.72,12
SUP005,PROD015,Clothing,799,1434.97,10,821,2023-11-22 08:07:41.723446,True,South America,2021,3.71,13.65,19,154.76,17,29,North America,1.29,38.68,3
SUP006,PROD025,Stationery,405,1107.57,1,715,2023-11-23 01:38:06.973947,True,North America,2021,3.72,6.63,2,96.0,12,22,Asia,4.58,40.28,11
SUP003,PROD037,Clothing,734,533.11,46,204,2023-11-23 19:08:32.224448,True,North America,2021,4.78,10.01,12,86.88,13,18,Asia,1.91,19.61,13
SUP012,PROD028,Furniture,953,448.32,43,479,2023-11-24 12:38:57.474949,True,Africa,2021,2.18,12.91,17,135.28,4,11,Africa,3.96,37.45,12
SUP009,PROD010,Food,782,527.81,43,412,2023-11-25 06:09:22.725450,False,Europe,2023,1.0,10.21,10,299.72,25,14,Asia,2.24,34.6,9
SUP005,PROD039,Electronics,680,1163.11,8,497,2023-11-25 23:39:47.975951,True,Europe,2022,2.09,2.4,34,73.89,9,30,Europe,4.44,48.16,4
SUP008,PROD017,Food,358,993.75,20,283,2023-11-26 17:10:13.226452,True,Africa,2022,1.87,6.24,6,39.93,11,42,Asia,3.8,46.9,9
SUP013,PROD039,Stationery,744,281.87,23,612,2023-11-27 10:40:38.476953,True,Africa,2022,3.65,16.05,8,179.66,9,36,South America,2.61,40.52,4
SUP001,PROD022,Electronics,337,265.29,33,867,2023-11-28 04:11:03.727454,True,South America,2023,3.53,17.23,11,151.68,23,36,Europe,1.31,37.55,2
SUP014,PROD026,Stationery,356,152.1,21,311,2023-11-28 21:41:28.977955,True,Africa,2021,3.37,2.75,12,162.02,10,14,North America,3.93,17.33,4
SUP005,PROD025,Furniture,861,992.15,2,876,2023-11-29 15:11:54.228456,True,Asia,2022,1.06,19.05,9,203.41,24,28,North America,3.47,43.07,6
SUP015,PROD017,Electronics,643,1147.74,11,174,2023-11-30 08:42:19.478957,True,Europe,2023,3.92,6.58,2,87.47,1,49,Africa,1.01,24.24,6
SUP003,PROD013,Stationery,963,401.24,27,960,2023-12-01 02:12:44.729458,True,Africa,2021,2.29,13.25,8,274.09,4,42,Africa,1.04,17.25,5
SUP012,PROD020,Furniture,772,36.31,29,294,2023-12-01 19:43:09.979959,True,Asia,2022,3.66,15.04,11,136.34,29,25,South America,4.24,22.29,1
SUP001,PROD025,Food,711,127.85,25,591,2023-12-02 13:13:35.230460,True,Asia,2021,3.23,16.24,36,47.43,6,43,North America,2.04,42.62,3
SUP004,PROD004,Furniture,598,1451.95,47,987,2023-12-03 06:44:00.480961,False,Asia,2022,2.37,18.91,10,225.27,5,1,North America,3.54,11.69,5
SUP015,PROD010,Clothing,401,446.69,20,534,2023-12-04 00:14:25.731462,True,Asia,2022,1.54,6.26,21,196.5,21,19,North America,2.82,25.53,6
SUP013,PROD003,Furniture,361,1154.99,27,171,2023-12-04 17:44:50.981963,True,South America,2022,1.38,17.17,20,101.57,22,14,North America,4.45,27.16,14
SUP005,PROD018,Furniture,922,938.87,25,174,2023-12-05 11:15:16.232464,True,Asia,2021,4.33,2.63,8,190.24,2,3,Asia,4.67,6.65,1
SUP007,PROD036,Clothing,108,576.0,32,598,2023-12-06 04:45:41.482965,True,South America,2023,4.67,14.1,36,73.76,12,21,Europe,4.99,13.81,14
SUP001,PROD022,Stationery,692,312.5,20,219,2023-12-06 22:16:06.733466,True,South America,2021,3.6,14.84,29,139.0,2,49,Europe,1.61,42.2,14
SUP003,PROD034,Stationery,973,186.47,34,173,2023-12-07 15:46:31.983967,True,Asia,2022,1.41,13.55,12,270.83,25,37,South America,4.45,42.38,9
SUP002,PROD008,Furniture,763,924.44,33,918,2023-12-08 09:16:57.234468,False,Europe,2021,2.61,5.05,14,48.72,24,22,Asia,2.06,18.16,14
SUP009,PROD040,Clothing,804,1163.08,40,84,2023-12-09 02:47:22.484969,True,Asia,2023,3.92,17.46,21,122.14,29,25,North America,3.36,44.37,3
SUP010,PROD019,Clothing,84,967.64,46,136,2023-12-09 20:17:47.735470,True,Asia,2021,4.12,3.38,22,248.13,23,10,North America,3.02,39.73,10
SUP015,PROD037,Food,494,797.8,17,695,2023-12-10 13:48:12.985971,True,Asia,2023,1.47,1.07,21,291.15,20,27,Africa,1.07,23.81,13
SUP006,PROD006,Stationery,142,67.72,10,757,2023-12-11 07:18:38.236472,True,Europe,2023,1.0,14.35,30,141.64,5,1,Africa,4.73,38.68,3
SUP010,PROD026,Electronics,999,1452.89,22,835,2023-12-12 00:49:03.486973,True,North America,2021,3.85,9.51,39,157.03,10,7,South America,1.31,48.26,11
SUP003,PROD034,Stationery,256,1199.08,47,250,2023-12-12 18:19:28.737474,True,North America,2022,2.43,16.98,20,175.93,27,28,North America,3.75,25.65,2
SUP008,PROD006,Stationery,402,442.77,21,418,2023-12-13 11:49:53.987975,True,South America,2023,2.02,7.67,24,280.38,25,10,South America,4.14,15.73,8
SUP014,PROD037,Food,952,1470.06,16,846,2023-12-14 05:20:19.238476,True,South America,2021,1.05,3.37,23,258.88,16,36,Asia,4.18,47.38,13
SUP008,PROD033,Electronics,381,904.81,4,126,2023-12-14 22:50:44.488977,True,Europe,2023,3.16,16.73,7,59.47,9,17,Europe,1.54,32.17,3
SUP002,PROD022,Food,866,875.72,43,108,2023-12-15 16:21:09.739478,True,Africa,2022,4.4,10.98,9,136.66,11,49,North America,2.79,9.74,6
SUP015,PROD021,Electronics,911,1123.37,10,480,2023-12-16 09:51:34.989979,True,North America,2021,4.83,3.78,1,144.56,16,13,Asia,4.32,30.77,2
SUP006,PROD006,Furniture,774,1218.6,29,687,2023-12-17 03:22:00.240480,False,South America,2021,3.26,14.41,26,238.84,3,9,North America,2.21,27.53,7
SUP007,PROD006,Electronics,208,986.44,14,549,2023-12-17 20:52:25.490981,True,North America,2021,3.06,10.22,38,184.84,1,34,Africa,2.87,43.5,13
SUP002,PROD004,Food,73,196.5,26,962,2023-12-18 14:22:50.741482,False,Europe,2022,1.34,12.09,38,199.72,10,8,South America,2.09,28.88,4
SUP015,PROD030,Stationery,453,510.71,34,158,2023-12-19 07:53:15.991983,True,Europe,2023,3.2,9.22,22,299.48,6,34,Africa,2.85,16.49,9
SUP011,PROD011,Electronics,854,1392.49,32,785,2023-12-20 01:23:41.242484,True,Africa,2021,2.52,16.57,10,31.74,1,10,Europe,4.55,35.4,14
SUP010,PROD030,Electronics,565,340.8,19,327,2023-12-20 18:54:06.492985,True,Africa,2023,3.43,16.59,6,74.67,25,43,Africa,2.82,29.42,10
SUP002,PROD031,Clothing,781,561.39,15,117,2023-12-21 12:24:31.743486,True,Europe,2023,2.55,14.19,17,128.29,17,11,North America,3.22,15.49,9
SUP010,PROD024,Stationery,413,650.95,33,118,2023-12-22 05:54:56.993987,True,South America,2022,1.96,2.11,38,110.86,20,2,Africa,2.62,30.81,7
SUP001,PROD009,Furniture,431,661.91,1,214,2023-12-22 23:25:22.244488,True,North America,2021,1.38,16.78,24,16.28,3,38,North America,2.84,41.97,12
SUP008,PROD003,Food,581,921.34,34,538,2023-12-23 16:55:47.494989,True,Asia,2023,2.26,13.42,10,36.62,7,13,Europe,1.06,6.29,8
SUP001,PROD031,Furniture,201,1414.9,39,354,2023-12-24 10:26:12.745490,True,Africa,2021,1.39,13.94,8,207.48,19,27,Africa,2.13,33.39,3
SUP009,PROD040,Stationery,611,364.84,27,958,2023-12-25 03:56:37.995991,True,Asia,2021,1.71,7.26,21,265.0,13,10,South America,2.75,20.73,11
SUP011,PROD037,Electronics,738,186.64,46,723,2023-12-25 21:27:03.246492,True,South America,2022,4.95,17.59,6,159.13,11,38,South America,3.54,18.17,5
SUP006,PROD036,Electronics,996,300.22,38,414,2023-12-26 14:57:28.496993,False,Africa,2021,2.78,14.51,21,166.37,21,24,South America,2.8,22.67,2
SUP007,PROD024,Stationery,657,1330.95,5,903,2023-12-27 08:27:53.747494,True,Asia,2021,3.13,2.25,39,83.98,20,20,Africa,2.35,20.39,10
SUP013,PROD031,Electronics,666,970.49,8,870,2023-12-28 01:58:18.997995,True,South America,2023,4.49,8.16,24,232.68,26,9,Africa,2.55,42.45,7
SUP010,PROD006,Electronics,469,432.43,19,428,2023-12-28 19:28:44.248496,True,North America,2022,4.98,17.73,33,228.02,29,42,Africa,1.97,17.37,13
SUP007,PROD002,Electronics,299,1224.84,0,392,2023-12-29 12:59:09.498997,True,South America,2021,3.33,0.94,18,180.63,17,14,North America,4.7,37.99,8
SUP010,PROD020,Food,166,1292.75,7,996,2023-12-30 06:29:34.749499,True,Africa,2023,4.25,19.23,28,71.67,10,18,Europe,3.09,9.23,9
SUP003,PROD028,Food,915,1270.54,22,948,2023-12-31 00:00:00.000000,True,Europe,2022,2.31,13.58,32,38.14,28,47,South America,1.05,47.81,11
