TransactionID,SupplierID,TransactionAmount,Currency,TransactionDate,ExchangeRateToUSD
1,45,8587.24,JPY,2022-12-22,1.39
2,50,4616.99,USD,2022-04-21,0.75
3,21,7707.4,JPY,2022-04-14,0.56
4,12,1427.0,JPY,2022-01-15,1.04
5,28,882.33,EUR,2022-09-27,1.35
6,12,7655.75,JPY,2022-06-08,0.91
7,33,4540.88,JPY,2022-06-06,1.28
8,20,9957.72,USD,2022-01-27,1.34
9,40,1423.92,GBP,2022-03-26,0.95
10,49,8628.46,USD,2022-01-09,1.09
11,21,5059.84,EUR,2022-10-03,1.03
12,39,8357.93,GBP,2022-08-15,1.44
13,41,8262.71,USD,2022-07-05,1.23
14,49,9201.92,JPY,2022-03-20,1.43
15,42,3329.58,JPY,2022-08-04,0.72
16,36,9523.09,GBP,2022-02-26,0.81
17,22,1940.84,GBP,2022-05-24,0.57
18,26,1278.7,JPY,2022-12-22,1.0
19,7,4600.35,EUR,2022-11-27,1.37
20,7,8369.07,USD,2022-03-08,0.83
21,8,4997.5,JPY,2022-10-02,0.63
22,26,8378.22,USD,2022-04-15,0.57
23,24,7432.02,USD,2022-07-07,0.95
24,24,2489.57,USD,2022-06-13,0.66
25,40,9514.38,USD,2022-09-24,0.85
26,48,1077.42,EUR,2022-02-20,1.32
27,12,9033.66,EUR,2022-05-06,0.88
28,47,3392.21,EUR,2022-03-21,1.11
29,8,5251.41,JPY,2022-07-02,1.0
30,9,4512.34,JPY,2022-11-06,1.22
31,3,2132.43,JPY,2022-01-17,0.66
32,21,3902.4,EUR,2022-06-19,1.42
33,31,2332.88,USD,2022-10-07,1.14
34,48,2436.92,EUR,2022-10-31,0.77
35,47,2277.04,JPY,2022-12-06,0.62
36,24,5145.67,GBP,2022-08-02,0.65
37,4,8080.35,JPY,2022-07-17,1.28
38,20,5905.22,USD,2022-01-07,1.09
39,16,8985.46,EUR,2022-01-11,0.88
40,10,6547.17,GBP,2022-01-12,0.83
41,43,7048.73,GBP,2022-04-20,1.36
42,26,6842.27,USD,2022-05-13,1.37
43,29,4769.86,EUR,2022-05-08,1.08
44,5,7048.72,GBP,2022-05-28,1.02
45,11,1162.22,JPY,2022-02-23,1.32
46,29,8668.59,USD,2022-11-07,1.25
47,45,7889.22,GBP,2022-03-20,0.9
48,15,2829.68,USD,2022-12-12,0.58
49,6,7796.31,EUR,2022-04-07,1.27
50,48,620.1,EUR,2022-09-06,0.67
51,15,2563.84,EUR,2022-05-07,0.52
52,43,1118.8,JPY,2022-01-30,1.34
53,20,7912.16,GBP,2022-01-24,1.08
54,34,7680.8,EUR,2022-07-20,1.39
55,2,8229.54,JPY,2022-05-11,0.98
56,44,542.58,EUR,2022-05-02,1.43
57,16,5261.71,EUR,2022-12-22,0.85
58,19,7195.94,GBP,2022-11-23,1.22
59,34,1976.31,JPY,2022-05-30,0.8
60,49,6673.01,EUR,2022-01-14,0.5
61,14,1299.05,JPY,2022-10-31,0.88
62,24,2222.6,JPY,2022-01-29,1.24
63,28,5020.07,EUR,2022-02-19,0.65
64,48,6708.87,EUR,2022-08-28,1.0
65,32,1885.76,USD,2022-10-10,0.71
66,37,2259.62,GBP,2022-12-01,0.57
67,10,2442.24,EUR,2022-12-18,1.12
68,49,2767.66,USD,2022-06-05,1.45
69,45,2652.26,GBP,2022-05-17,0.81
70,48,4253.92,EUR,2022-11-23,1.08
71,9,6711.0,JPY,2022-12-02,1.45
72,24,4661.3,GBP,2022-06-03,1.15
73,36,7871.75,JPY,2022-03-22,1.17
74,29,7333.05,USD,2022-03-28,0.68
75,29,1702.01,EUR,2022-09-21,0.99
76,48,964.0,USD,2022-09-15,0.87
77,23,8840.44,EUR,2022-07-04,0.97
78,27,1258.4,EUR,2022-06-29,1.3
79,31,1909.22,JPY,2022-07-05,0.96
80,43,710.27,USD,2022-05-03,0.56
81,7,6469.2,JPY,2022-04-06,1.41
82,49,6032.52,JPY,2022-04-03,1.04
83,45,9875.58,JPY,2022-01-03,1.42
84,4,8925.86,USD,2022-01-02,1.07
85,14,4403.01,EUR,2022-11-01,0.57
86,42,4030.07,EUR,2022-12-23,1.05
87,42,3320.09,USD,2022-05-28,1.08
88,10,1947.87,EUR,2022-10-12,0.71
89,44,1811.79,USD,2022-05-25,0.97
90,34,1756.7,USD,2022-11-26,0.96
91,26,1584.09,EUR,2022-12-27,1.12
92,23,2784.86,GBP,2022-09-19,0.76
93,9,3413.35,JPY,2022-03-03,1.08
94,37,9635.0,USD,2022-08-14,0.74
95,8,5995.5,USD,2022-01-31,0.95
96,14,9882.16,GBP,2022-07-09,0.62
97,7,4038.44,USD,2022-09-25,0.54
98,7,4847.45,USD,2022-01-12,0.82
99,9,3583.5,EUR,2022-07-10,0.77
100,3,2237.43,EUR,2022-01-25,0.91
101,14,1860.06,GBP,2022-04-01,1.46
102,17,9478.25,USD,2022-03-29,1.02
103,50,9874.7,JPY,2022-11-28,1.05
104,44,926.64,EUR,2022-10-01,1.44
105,22,1928.29,JPY,2022-10-28,1.42
106,46,4523.48,JPY,2022-04-21,1.38
107,26,2270.17,GBP,2022-03-21,0.6
108,28,3956.86,GBP,2022-11-20,1.13
109,45,1726.42,USD,2022-05-20,1.31
110,14,4836.86,GBP,2022-08-02,1.34
111,9,3081.1,EUR,2022-01-18,1.08
112,26,3843.1,USD,2022-02-23,0.52
113,2,1395.97,USD,2022-04-07,1.47
114,11,4567.22,JPY,2022-10-10,0.97
115,17,9840.95,JPY,2022-08-22,0.89
116,34,3623.91,JPY,2022-08-28,0.89
117,19,8826.08,USD,2022-11-30,0.92
118,39,8510.39,GBP,2022-12-10,0.74
119,18,9544.55,GBP,2022-02-23,0.83
120,13,8006.04,GBP,2022-03-28,1.49
121,5,6766.17,USD,2022-09-18,0.87
122,50,8637.55,USD,2022-08-24,1.03
123,23,1218.62,USD,2022-05-03,1.35
124,24,4896.89,USD,2022-02-23,1.03
125,29,9897.93,USD,2022-08-04,0.82
126,48,7811.2,GBP,2022-07-16,1.02
127,47,9639.72,USD,2022-02-08,0.61
128,8,7906.53,GBP,2022-12-31,0.63
129,26,8811.38,USD,2022-08-16,1.19
130,15,7212.03,GBP,2022-08-25,1.42
131,1,7724.77,EUR,2022-05-12,1.23
132,28,5470.19,EUR,2022-11-26,0.57
133,49,9280.26,GBP,2022-11-17,0.9
134,47,8337.87,EUR,2022-06-17,0.5
135,46,8516.91,EUR,2022-02-06,1.01
136,14,6893.59,GBP,2022-03-08,0.69
137,42,3393.51,USD,2022-04-21,1.37
138,34,838.48,USD,2022-08-07,0.6
139,31,9388.72,GBP,2022-07-28,0.5
140,6,6068.14,JPY,2022-03-28,0.95
141,49,3332.36,JPY,2022-10-30,0.66
142,5,1916.78,EUR,2022-06-28,1.24
143,31,8380.47,JPY,2022-01-13,1.42
144,37,8446.94,EUR,2022-10-27,0.54
145,15,8237.83,USD,2022-05-05,0.9
146,15,6628.29,GBP,2022-08-21,1.5
147,43,3977.15,USD,2022-09-08,1.23
148,5,3388.67,GBP,2022-05-06,1.45
149,28,581.27,JPY,2022-08-23,0.66
150,33,8419.27,USD,2022-05-18,0.72
151,11,1330.61,USD,2022-02-18,0.65
152,43,6492.17,EUR,2022-07-05,0.8
153,6,5288.71,GBP,2022-07-24,1.22
154,23,5503.55,JPY,2022-03-19,0.66
155,40,9303.77,USD,2022-07-13,1.02
156,2,800.34,GBP,2022-04-13,0.77
157,15,7847.23,JPY,2022-04-15,1.33
158,23,994.5,USD,2022-10-14,0.51
159,22,862.46,GBP,2022-11-20,0.72
160,9,4583.27,EUR,2022-07-30,1.11
161,47,1099.21,USD,2022-09-07,0.6
162,40,7996.87,GBP,2022-10-20,0.97
163,30,5530.85,JPY,2022-07-20,0.94
164,16,775.87,JPY,2022-01-24,1.35
165,46,884.76,EUR,2022-10-27,1.13
166,47,6320.35,USD,2022-03-24,1.14
167,30,8158.06,EUR,2022-10-24,1.45
168,45,4659.1,GBP,2022-06-28,1.48
169,9,5768.52,JPY,2022-10-25,1.15
170,1,8098.38,EUR,2022-12-30,1.02
171,38,6299.81,USD,2022-07-25,1.11
172,8,2635.22,GBP,2022-02-09,0.88
173,18,6323.99,USD,2022-10-31,1.49
174,27,6468.65,EUR,2022-04-23,1.21
175,18,7474.02,JPY,2022-12-06,0.79
176,32,6398.3,JPY,2022-01-04,0.56
177,49,9707.8,EUR,2022-04-18,0.54
178,32,2374.24,USD,2022-11-12,0.7
179,48,9535.36,USD,2022-04-24,0.73
180,45,5614.23,USD,2022-06-16,0.92
181,36,6883.58,USD,2022-09-18,0.71
182,36,1444.89,JPY,2022-04-16,1.13
183,21,4115.47,USD,2022-08-12,0.71
184,46,7809.1,EUR,2022-09-19,0.69
185,32,7215.65,EUR,2022-09-08,0.97
186,31,881.32,EUR,2022-01-14,1.39
187,37,5692.65,EUR,2022-07-17,0.97
188,16,1338.64,USD,2022-05-06,0.91
189,46,9960.64,JPY,2022-07-25,1.08
190,46,9024.32,GBP,2022-05-20,0.76
191,14,700.27,USD,2022-03-03,0.85
192,24,8657.17,GBP,2022-10-10,0.71
193,25,9234.58,JPY,2022-02-23,1.07
194,46,3858.71,USD,2022-12-12,1.2
195,35,7335.27,GBP,2022-01-12,1.17
196,17,4699.99,JPY,2022-05-16,0.75
197,46,6724.71,GBP,2022-11-26,1.28
198,42,3733.02,EUR,2022-05-24,0.76
199,45,3564.31,EUR,2022-10-09,0.65
200,4,4532.12,JPY,2022-05-16,0.85
201,11,1882.89,JPY,2022-10-28,1.1
202,47,8395.82,GBP,2022-08-09,0.64
203,15,3812.63,JPY,2022-12-06,1.15
204,30,4301.42,EUR,2022-07-28,1.36
205,24,8993.52,EUR,2022-12-25,0.79
206,2,5217.93,USD,2022-05-03,0.95
207,43,5670.41,GBP,2022-04-26,0.73
208,34,9586.73,JPY,2022-06-06,0.86
209,23,8923.9,JPY,2022-09-27,0.52
210,31,2109.93,JPY,2022-01-17,1.45
211,37,4995.54,GBP,2022-09-26,0.92
212,13,9727.31,EUR,2022-12-15,1.29
213,33,4037.48,JPY,2022-08-07,0.64
214,7,4029.94,JPY,2022-11-15,1.31
215,32,2352.79,EUR,2022-08-26,1.36
216,7,1586.07,JPY,2022-02-02,1.22
217,42,7532.9,USD,2022-10-12,1.4
218,38,7815.29,EUR,2022-02-06,0.67
219,44,9705.62,EUR,2022-04-13,0.98
220,13,7847.47,EUR,2022-07-30,1.12
221,24,2811.85,USD,2022-10-07,1.1
222,28,881.11,EUR,2022-05-22,1.36
223,32,9861.66,GBP,2022-08-27,0.72
224,43,3734.28,GBP,2022-08-17,0.68
225,18,3463.73,GBP,2022-05-13,0.75
226,34,9106.57,EUR,2022-05-05,1.39
227,48,6058.45,EUR,2022-02-22,1.44
228,34,2541.28,EUR,2022-03-29,1.07
229,38,8946.41,USD,2022-04-08,1.0
230,1,9936.93,GBP,2022-04-05,1.11
231,43,1323.45,JPY,2022-07-07,1.12
232,50,8691.39,JPY,2022-09-13,0.67
233,42,4209.9,EUR,2022-03-14,1.19
234,31,5478.69,USD,2022-12-28,0.95
235,50,9190.75,EUR,2022-10-09,1.02
236,1,9747.1,JPY,2022-01-18,0.53
237,16,2990.56,GBP,2022-06-13,1.26
238,39,2522.08,JPY,2022-05-26,1.34
239,15,1264.91,GBP,2022-11-10,1.12
240,33,5837.08,GBP,2022-09-10,1.25
241,23,629.24,USD,2022-06-09,1.02
242,41,4413.03,JPY,2022-12-15,1.12
243,34,1197.15,EUR,2022-02-18,0.89
244,17,4349.64,USD,2022-06-25,1.29
245,25,879.36,GBP,2022-11-23,0.97
246,42,8434.56,JPY,2022-03-06,1.18
247,6,2492.52,EUR,2022-10-16,1.12
248,31,3618.93,USD,2022-02-19,1.2
249,5,8765.46,EUR,2022-01-04,1.29
250,40,7589.53,JPY,2022-04-29,1.01
251,40,2580.86,EUR,2022-12-06,1.31
252,30,1183.04,USD,2022-06-13,1.0
253,5,7298.9,EUR,2022-08-11,1.46
254,12,4211.67,JPY,2022-12-24,1.25
255,7,7777.76,USD,2022-06-05,0.67
256,45,4730.3,GBP,2022-09-19,1.33
257,13,3787.02,USD,2022-06-22,1.05
258,49,4786.45,JPY,2022-01-23,1.48
259,4,7611.31,EUR,2022-03-02,1.22
260,50,9071.09,GBP,2022-12-22,0.58
261,42,972.79,GBP,2022-11-17,0.89
262,3,5479.06,EUR,2022-05-14,1.02
263,12,811.94,JPY,2022-01-24,1.34
264,1,4949.89,USD,2022-10-20,1.23
265,27,8910.19,JPY,2022-02-14,0.87
266,43,3935.11,GBP,2022-06-28,1.15
267,50,9358.28,USD,2022-12-22,1.08
268,13,6490.78,USD,2022-12-24,0.63
269,17,9374.48,EUR,2022-03-04,0.73
270,8,7693.08,JPY,2022-01-29,0.84
271,32,1482.63,USD,2022-12-23,0.7
272,20,2695.94,EUR,2022-12-31,0.65
273,17,4244.62,JPY,2022-04-06,0.56
274,34,2116.02,GBP,2022-09-23,1.37
275,35,5201.66,GBP,2022-10-18,0.79
276,35,4978.0,JPY,2022-02-24,0.79
277,38,9584.46,USD,2022-06-02,0.71
278,42,4620.41,USD,2022-08-07,0.98
279,24,7963.45,GBP,2022-06-22,1.01
280,18,9448.15,GBP,2022-04-06,0.71
281,50,8831.39,USD,2022-05-03,1.11
282,46,2482.34,JPY,2022-01-12,1.22
283,48,5212.28,GBP,2022-01-04,0.87
284,39,3803.53,USD,2022-12-28,1.09
285,33,4298.66,JPY,2022-12-12,1.0
286,49,3927.66,EUR,2022-03-08,0.7
287,23,8350.41,JPY,2022-05-25,1.23
288,25,4795.32,USD,2022-03-06,1.3
289,37,5475.1,JPY,2022-03-23,1.15
290,27,9833.25,USD,2022-04-15,0.82
291,1,1069.8,GBP,2022-06-30,1.43
292,21,5135.6,EUR,2022-12-06,0.96
293,49,7853.59,GBP,2022-04-15,0.77
294,10,1936.04,GBP,2022-08-14,0.91
295,31,6309.55,USD,2022-01-28,1.19
296,44,2774.92,USD,2022-01-16,1.35
297,25,8740.34,USD,2022-10-04,0.86
298,20,3607.45,USD,2022-11-29,0.73
299,2,3626.1,GBP,2022-10-25,1.13
300,48,6182.84,USD,2022-02-23,1.42
301,15,2243.85,USD,2022-10-15,0.68
302,28,3206.44,GBP,2022-04-24,1.3
303,13,4458.0,EUR,2022-02-07,0.98
304,50,3859.56,EUR,2022-08-18,1.3
305,14,5486.33,JPY,2022-06-15,1.01
306,50,6196.58,GBP,2022-07-01,0.88
307,2,5883.34,USD,2022-07-24,1.2
308,34,6714.6,JPY,2023-01-01,1.4
309,35,3423.62,EUR,2022-09-02,0.82
310,37,1701.05,EUR,2022-12-25,0.96
311,25,7727.67,GBP,2022-11-29,0.73
312,48,8582.41,USD,2022-11-05,0.68
313,15,2941.56,USD,2022-05-01,1.28
314,12,4367.37,JPY,2022-09-16,0.7
315,9,5236.41,EUR,2022-07-29,1.29
316,31,5566.61,JPY,2022-11-06,0.93
317,14,6765.16,JPY,2022-10-23,1.5
318,29,895.23,JPY,2022-07-13,0.7
319,48,7354.03,USD,2022-03-09,0.59
320,43,1088.72,EUR,2022-04-24,0.58
321,38,4948.74,JPY,2022-08-08,1.34
322,42,8362.88,EUR,2022-08-08,0.94
323,8,4786.55,EUR,2022-08-06,0.5
324,48,1916.35,JPY,2022-08-25,1.37
325,3,9857.82,JPY,2022-10-25,1.38
326,2,8948.21,GBP,2022-04-04,1.31
327,16,7827.48,USD,2022-09-10,0.75
328,19,4409.36,EUR,2022-12-23,0.87
329,30,2246.53,JPY,2022-08-03,1.24
330,41,9443.41,JPY,2022-09-15,0.99
331,16,5557.34,EUR,2022-12-13,0.65
332,31,8597.38,JPY,2022-08-28,0.74
333,28,3749.9,GBP,2022-11-11,1.47
334,4,3685.24,EUR,2022-08-02,0.65
335,10,9862.63,JPY,2022-04-08,1.23
336,45,5457.41,EUR,2022-01-16,0.98
337,18,1836.61,JPY,2022-06-03,1.25
338,47,2586.91,JPY,2022-01-16,1.16
339,32,5078.47,USD,2022-07-17,0.94
340,30,903.47,EUR,2022-04-18,0.85
341,36,4894.07,USD,2022-01-23,1.25
342,9,4479.94,JPY,2022-02-11,0.82
343,36,7903.69,EUR,2022-02-06,1.29
344,29,3871.95,EUR,2022-11-24,1.18
345,16,9834.21,GBP,2022-06-14,1.08
346,28,2217.31,GBP,2022-04-26,0.87
347,21,6114.37,JPY,2022-05-30,0.71
348,47,1352.14,JPY,2022-01-06,1.21
349,2,7471.71,JPY,2022-02-01,0.59
350,46,9950.16,JPY,2022-05-25,1.47
351,35,8281.82,GBP,2022-10-21,1.48
352,28,5779.18,EUR,2022-10-20,0.63
353,36,5105.04,USD,2022-06-26,0.6
354,31,8432.78,EUR,2022-06-26,0.91
355,33,9391.75,EUR,2022-03-02,1.46
356,23,9897.46,GBP,2022-03-18,0.9
357,41,4267.12,EUR,2022-03-27,0.86
358,17,9913.72,EUR,2022-07-10,1.2
359,46,1981.3,JPY,2022-01-07,0.68
360,49,2908.72,USD,2022-03-26,0.86
361,1,1345.65,EUR,2022-09-19,0.79
362,42,3081.52,EUR,2022-09-16,1.1
363,23,7795.41,USD,2022-02-16,0.66
364,48,8602.78,JPY,2022-12-07,1.05
365,27,7899.48,GBP,2022-04-04,1.36
366,25,6495.12,GBP,2022-08-12,1.01
367,32,5382.68,EUR,2022-10-06,1.18
368,19,7232.69,JPY,2022-01-03,0.58
369,24,4212.92,GBP,2022-05-09,0.95
370,3,8492.43,GBP,2022-11-19,0.59
371,12,6933.31,GBP,2022-09-06,1.1
372,35,7129.14,GBP,2022-08-17,0.78
373,15,5591.39,GBP,2022-11-23,0.79
374,17,8909.68,EUR,2022-05-11,0.58
375,50,2894.14,GBP,2022-08-16,0.81
376,32,4120.9,EUR,2022-06-26,1.01
377,7,7887.6,USD,2022-11-19,1.08
378,19,5181.11,USD,2022-11-07,0.57
379,7,8947.53,JPY,2022-01-31,1.15
380,5,3790.79,EUR,2022-03-07,0.99
381,40,4008.64,JPY,2022-07-25,1.04
382,21,8942.99,USD,2022-04-11,1.33
383,48,4911.52,USD,2022-11-16,0.84
384,48,5403.18,USD,2022-01-31,0.67
385,47,3661.26,USD,2022-07-10,1.05
386,7,3128.36,GBP,2022-03-07,1.45
387,37,6731.51,USD,2022-10-30,1.02
388,23,1638.49,GBP,2022-08-23,1.33
389,11,8853.09,GBP,2022-10-05,1.26
390,10,7902.43,JPY,2022-07-21,1.02
391,21,2312.11,GBP,2022-12-16,1.15
392,41,7093.19,JPY,2022-08-13,0.91
393,33,6225.01,GBP,2022-03-24,1.03
394,20,2253.08,GBP,2022-02-15,1.01
395,33,3095.43,USD,2022-03-30,1.21
396,40,4385.37,EUR,2022-07-05,0.91
397,35,7142.81,GBP,2022-07-08,0.6
398,34,6567.87,EUR,2022-09-03,1.29
399,36,5556.23,EUR,2022-02-15,1.18
400,27,7799.9,EUR,2022-09-14,1.45
401,19,7700.41,GBP,2022-12-18,0.93
402,43,6369.66,EUR,2022-03-02,0.58
403,5,7976.41,GBP,2022-04-15,0.62
404,29,3675.5,USD,2022-12-03,1.27
405,10,8871.87,GBP,2022-01-14,0.57
406,40,6341.65,JPY,2022-10-28,1.41
407,13,8312.45,USD,2022-03-18,0.78
408,29,5689.65,EUR,2022-08-18,1.4
409,5,2575.16,EUR,2022-06-16,1.27
410,12,5652.9,JPY,2022-03-07,1.37
411,13,4025.56,USD,2022-02-01,0.71
412,22,7126.24,JPY,2022-04-06,1.1
413,40,5020.04,EUR,2022-02-27,0.59
414,15,8443.07,GBP,2022-04-14,0.7
415,13,6941.69,EUR,2022-11-08,0.81
416,1,7003.17,JPY,2022-05-14,1.24
417,38,2562.98,GBP,2022-08-05,0.52
418,43,9850.37,GBP,2022-03-08,1.4
419,45,8495.91,EUR,2022-06-27,0.57
420,1,7995.55,GBP,2022-09-04,0.88
421,11,3637.04,USD,2022-10-21,0.58
422,43,5588.5,EUR,2022-08-23,1.27
423,40,1802.48,EUR,2022-05-11,0.64
424,22,5615.52,USD,2022-04-22,1.38
425,35,1885.95,EUR,2022-02-23,1.03
426,44,5753.86,JPY,2022-10-17,1.45
427,6,6662.86,JPY,2022-08-27,0.79
428,28,4206.86,EUR,2022-08-28,0.95
429,31,5236.18,USD,2022-10-22,1.19
430,8,8818.71,GBP,2022-04-22,1.33
431,5,1531.35,USD,2022-03-29,0.92
432,42,8021.46,JPY,2022-08-16,1.39
433,48,2122.17,EUR,2022-10-31,0.62
434,44,848.73,USD,2022-11-01,1.21
435,17,2262.96,GBP,2022-10-17,0.85
436,38,7767.91,GBP,2022-07-27,0.6
437,9,4348.7,GBP,2022-12-22,0.89
438,10,8788.94,GBP,2022-10-01,1.38
439,20,5484.72,USD,2022-03-11,1.48
440,14,711.38,GBP,2022-08-08,0.89
441,14,7308.78,JPY,2022-08-19,1.39
442,26,1547.21,GBP,2022-10-17,1.01
443,29,7999.11,JPY,2022-11-03,1.22
444,49,2096.97,USD,2022-12-27,0.55
445,27,3781.74,JPY,2022-12-15,1.06
446,25,7732.08,USD,2022-09-12,0.57
447,16,9565.2,GBP,2022-05-22,0.77
448,36,4028.62,EUR,2022-03-10,1.07
449,34,8379.3,JPY,2022-03-30,1.31
450,16,2312.53,JPY,2022-12-25,1.06
451,33,8168.21,EUR,2022-05-16,1.44
452,3,6746.19,USD,2022-05-23,1.31
453,23,2331.06,USD,2022-12-05,0.66
454,11,3373.79,GBP,2022-07-06,0.89
455,48,1751.82,JPY,2022-01-11,1.17
456,18,4138.19,USD,2022-05-28,1.44
457,47,2434.66,GBP,2022-10-19,1.49
458,41,6617.98,USD,2022-12-04,1.26
459,44,9947.8,EUR,2022-02-07,1.07
460,29,614.09,EUR,2022-12-11,1.26
461,50,5638.74,EUR,2022-07-27,0.77
462,5,5949.83,GBP,2022-07-29,0.78
463,24,9184.98,JPY,2022-01-01,1.15
464,29,5307.05,EUR,2022-12-26,1.37
465,29,5665.16,EUR,2022-03-06,1.47
466,26,4980.7,USD,2022-01-01,0.84
467,40,3054.59,EUR,2022-08-31,1.3
468,3,1032.28,JPY,2022-11-12,1.35
469,2,4382.25,GBP,2022-01-25,1.12
470,25,999.62,EUR,2022-12-13,0.85
471,19,5729.68,GBP,2022-02-19,1.12
472,40,3419.29,GBP,2022-12-14,1.08
473,2,5569.22,JPY,2022-08-29,1.11
474,19,1775.82,USD,2022-02-01,1.12
475,1,9359.98,USD,2022-02-02,1.35
476,27,8997.95,GBP,2022-07-19,0.67
477,45,2304.97,EUR,2022-08-22,0.87
478,49,3762.72,GBP,2022-01-26,1.09
479,35,6328.18,USD,2022-02-11,0.78
480,41,1409.02,EUR,2022-03-02,1.48
481,5,3868.39,USD,2022-02-10,0.76
482,38,2885.57,JPY,2022-05-10,0.97
483,4,9197.41,USD,2022-12-21,1.38
484,17,8598.85,EUR,2022-12-20,0.58
485,21,6008.41,EUR,2022-07-17,1.32
486,48,5443.29,GBP,2022-10-14,1.07
487,31,9341.9,EUR,2022-05-31,0.53
488,48,9358.06,JPY,2022-07-23,1.4
489,22,9708.64,USD,2022-07-01,0.54
490,11,1691.1,GBP,2022-07-26,1.02
491,34,2025.3,GBP,2022-05-27,0.55
492,49,6929.0,EUR,2022-07-23,0.57
493,15,5643.63,JPY,2022-02-17,1.39
494,50,675.43,GBP,2022-09-15,1.27
495,10,1088.76,JPY,2022-05-19,0.7
496,38,8936.76,JPY,2022-06-21,1.12
497,32,8754.27,USD,2022-04-11,1.29
498,48,3894.07,USD,2022-07-06,1.39
499,31,8964.98,USD,2022-11-11,0.97
500,37,6139.91,JPY,2022-10-21,1.4
501,44,8156.1,USD,2022-12-29,1.01
502,28,4560.6,GBP,2022-01-21,1.19
503,31,1577.28,GBP,2022-10-25,1.48
504,6,4620.41,EUR,2022-01-10,0.74
505,14,4844.35,JPY,2022-07-06,0.67
506,23,5733.97,USD,2022-05-13,0.84
507,16,1503.04,GBP,2022-02-02,0.66
508,25,9918.32,JPY,2022-03-10,0.78
509,39,2819.3,JPY,2022-03-21,1.24
510,2,2386.25,USD,2022-07-10,0.98
511,38,5504.63,JPY,2022-04-11,0.88
512,41,5603.48,USD,2022-10-12,0.87
513,39,4678.3,USD,2022-08-09,0.69
514,34,7832.98,USD,2022-02-22,0.95
515,40,5408.22,JPY,2022-06-09,1.12
516,43,6292.11,JPY,2022-02-11,0.64
517,25,7375.59,USD,2022-02-16,1.47
518,36,737.74,JPY,2022-06-08,0.94
519,16,5921.12,USD,2022-07-03,1.45
520,18,8899.85,EUR,2022-09-03,0.63
521,13,665.19,JPY,2022-01-11,1.27
522,37,4349.23,JPY,2022-06-03,1.12
523,27,9299.16,EUR,2022-08-08,1.32
524,34,3854.97,EUR,2022-06-04,1.1
525,11,4857.92,EUR,2022-12-05,1.46
526,1,9824.64,USD,2022-12-31,1.13
527,13,2393.58,USD,2022-10-10,1.28
528,30,1119.92,GBP,2022-07-06,1.38
529,5,8664.51,EUR,2022-03-03,1.21
530,18,8750.42,GBP,2022-05-28,1.02
531,14,4984.74,USD,2022-05-24,0.77
532,13,5384.97,JPY,2022-04-13,1.35
533,32,8440.16,EUR,2022-10-27,0.98
534,7,7516.32,JPY,2022-04-03,1.12
535,8,3018.92,USD,2022-10-13,0.58
536,50,660.49,EUR,2022-04-29,1.0
537,7,5057.15,GBP,2022-01-29,1.2
538,49,8659.67,GBP,2022-01-30,1.08
539,16,9010.43,USD,2022-12-26,0.95
540,43,9584.15,JPY,2023-01-01,0.72
541,31,8855.85,USD,2022-10-15,0.81
542,27,6010.41,JPY,2022-05-18,1.2
543,33,4723.75,USD,2022-02-20,0.72
544,29,7861.07,GBP,2022-10-19,1.12
545,8,7528.31,JPY,2022-08-22,1.09
546,33,5612.36,USD,2022-02-24,1.47
547,41,1329.61,EUR,2022-10-19,0.56
548,19,9297.77,GBP,2022-08-28,0.61
549,21,4828.22,GBP,2022-11-08,1.01
550,41,3951.67,EUR,2022-02-05,1.03
551,21,6480.89,USD,2022-03-30,0.54
552,25,6901.46,JPY,2022-07-31,1.33
553,42,2501.54,GBP,2022-11-14,0.99
554,23,8450.92,USD,2022-12-31,0.85
555,11,3254.4,EUR,2022-09-02,0.82
556,33,2273.5,JPY,2022-03-28,1.36
557,20,4360.8,USD,2022-08-28,0.7
558,25,7440.32,USD,2022-11-16,0.66
559,26,9671.85,GBP,2022-07-07,0.71
560,40,8188.17,GBP,2022-02-26,1.13
561,12,9433.31,JPY,2022-04-23,1.31
562,32,1835.76,USD,2022-08-11,0.83
563,33,1176.18,EUR,2022-03-11,0.67
564,10,5798.2,EUR,2022-08-15,0.71
565,4,3257.83,JPY,2022-09-13,1.12
566,15,8366.52,USD,2022-06-29,0.75
567,6,6883.88,GBP,2022-07-03,1.38
568,27,9721.92,USD,2022-07-10,0.6
569,5,2920.53,GBP,2022-08-20,0.53
570,5,5114.95,EUR,2022-10-03,0.59
571,18,5261.78,JPY,2022-08-21,1.35
572,28,2772.18,JPY,2022-02-23,1.15
573,35,6105.89,JPY,2022-09-14,1.46
574,22,4711.22,GBP,2022-03-31,0.84
575,34,4743.85,EUR,2022-08-14,0.71
576,4,3946.0,EUR,2022-09-04,1.06
577,18,660.83,JPY,2022-05-31,1.04
578,41,5459.9,JPY,2022-04-23,1.09
579,26,3684.85,GBP,2022-09-26,0.85
580,42,512.54,GBP,2022-06-06,0.51
581,22,3425.47,USD,2023-01-01,0.54
582,47,3146.97,GBP,2022-12-13,1.16
583,33,4237.76,USD,2022-12-17,1.02
584,43,1752.59,JPY,2022-10-26,1.32
585,14,5323.0,EUR,2022-06-08,0.8
586,31,7078.18,GBP,2022-11-26,1.32
587,10,6486.76,EUR,2022-08-13,0.93
588,24,8135.67,GBP,2022-01-14,0.6
589,21,4794.08,GBP,2022-12-21,1.48
590,48,5431.37,USD,2022-04-19,1.01
591,8,8198.82,GBP,2022-04-06,1.13
592,32,4563.16,JPY,2022-07-14,1.17
593,31,7165.19,EUR,2022-02-27,0.86
594,34,4628.72,GBP,2022-12-18,1.25
595,23,4468.49,EUR,2022-10-21,1.37
596,25,7721.95,EUR,2022-06-03,0.89
597,7,2160.95,EUR,2022-03-05,1.16
598,19,3716.57,GBP,2022-06-07,1.26
599,7,2629.64,USD,2022-09-22,0.69
600,47,3911.54,EUR,2022-05-01,0.83
601,8,2688.56,EUR,2022-10-15,0.61
602,14,6004.35,GBP,2022-01-11,1.1
603,1,8082.62,GBP,2022-08-02,1.3
604,13,7972.82,JPY,2022-06-11,1.11
605,3,3962.76,JPY,2022-04-15,0.68
606,28,9893.22,USD,2022-05-27,1.05
607,38,6141.62,USD,2022-07-01,1.33
608,15,4294.3,USD,2022-12-04,0.8
609,36,8437.62,USD,2022-02-06,1.33
610,3,7433.8,EUR,2022-03-23,1.28
611,4,7618.12,GBP,2022-01-12,0.52
612,5,2363.32,JPY,2022-01-04,0.74
613,50,4949.08,EUR,2022-02-12,1.04
614,26,8687.37,GBP,2022-02-20,1.22
615,25,5288.36,GBP,2022-09-18,1.38
616,10,6992.8,EUR,2022-05-14,1.14
617,8,6085.37,EUR,2022-03-28,0.88
618,12,8502.39,JPY,2022-12-28,0.68
619,3,3203.33,USD,2022-02-25,1.26
620,27,5967.02,USD,2022-08-05,0.71
621,50,1670.73,JPY,2023-01-01,1.2
622,23,7057.0,JPY,2022-03-09,0.68
623,40,7453.69,USD,2022-12-18,0.59
624,33,906.95,EUR,2022-02-13,0.75
625,14,6920.01,USD,2022-05-23,0.78
626,23,4439.56,GBP,2022-12-12,1.15
627,31,1678.92,GBP,2022-02-11,0.66
628,13,4489.12,JPY,2022-05-19,1.43
629,12,2345.21,USD,2022-03-14,1.05
630,35,4447.82,USD,2022-09-24,0.99
631,18,4151.22,GBP,2022-07-13,0.93
632,21,7514.72,USD,2022-06-04,1.07
633,45,7855.05,JPY,2022-09-03,0.52
634,47,6266.77,JPY,2022-11-10,1.49
635,42,715.53,GBP,2022-08-06,1.06
636,1,9344.71,USD,2022-09-10,0.54
637,38,7019.22,USD,2022-10-04,1.09
638,41,824.86,GBP,2022-10-04,0.94
639,42,8278.91,EUR,2022-03-13,0.52
640,47,2402.53,EUR,2022-05-09,1.42
641,9,6002.6,USD,2022-12-24,0.51
642,23,4933.03,JPY,2022-07-05,1.08
643,14,4488.47,EUR,2022-01-13,1.46
644,11,8952.28,USD,2022-11-25,0.74
645,7,4654.93,EUR,2022-08-08,0.75
646,31,1215.77,GBP,2022-01-06,0.5
647,24,9493.07,EUR,2022-08-27,0.57
648,26,9245.08,EUR,2022-04-22,0.54
649,30,7002.11,GBP,2022-08-16,1.32
650,34,4944.98,JPY,2022-01-17,1.34
651,46,1382.16,USD,2022-03-14,1.23
652,38,8012.11,JPY,2022-01-12,0.85
653,5,1217.04,JPY,2022-03-27,1.32
654,5,1151.71,EUR,2022-06-29,1.04
655,19,5605.15,USD,2022-05-02,0.8
656,38,2021.22,EUR,2022-07-23,0.94
657,28,573.44,GBP,2022-03-11,0.57
658,26,4519.58,JPY,2022-04-18,1.44
659,42,1803.56,JPY,2022-07-20,1.12
660,23,2024.9,GBP,2022-02-21,1.23
661,46,1230.65,USD,2022-02-06,1.18
662,49,2448.39,JPY,2022-04-27,1.17
663,30,7297.1,JPY,2022-09-16,0.52
664,3,8184.81,USD,2022-09-21,1.03
665,28,4799.07,EUR,2022-10-30,1.32
666,33,5312.26,GBP,2022-03-05,0.54
667,42,810.22,USD,2022-02-11,1.46
668,3,1158.5,GBP,2022-02-12,0.92
669,5,2946.89,GBP,2022-05-05,0.79
670,19,5667.03,JPY,2022-09-27,1.03
671,42,7525.74,USD,2022-12-13,1.3
672,48,6247.53,GBP,2022-08-21,0.97
673,1,4225.21,EUR,2022-05-12,1.15
674,38,1624.08,GBP,2022-01-02,1.0
675,9,7917.35,JPY,2022-04-25,1.13
676,5,3955.97,EUR,2022-01-01,0.64
677,46,7492.51,EUR,2022-11-27,0.54
678,42,5373.3,USD,2022-03-06,0.64
679,34,7517.29,EUR,2022-05-05,0.79
680,37,9119.25,USD,2022-09-13,0.75
681,33,9249.78,USD,2022-11-18,1.12
682,25,5583.51,EUR,2022-05-23,0.96
683,42,5359.33,USD,2022-11-24,0.54
684,29,3023.95,USD,2022-09-03,0.53
685,25,9390.1,EUR,2022-04-26,0.59
686,9,4850.23,JPY,2022-10-30,0.85
687,3,1712.12,GBP,2022-03-31,0.51
688,15,4610.7,USD,2022-10-23,0.99
689,4,1707.01,USD,2022-02-11,0.86
690,45,5274.05,EUR,2022-02-04,1.06
691,38,5832.12,GBP,2022-02-10,1.22
692,20,3708.68,GBP,2022-12-07,0.75
693,49,1180.68,USD,2022-05-04,0.66
694,23,9463.28,EUR,2022-02-26,0.78
695,37,7846.85,JPY,2022-10-21,0.5
696,47,8469.37,GBP,2022-08-23,0.62
697,8,3985.25,JPY,2022-04-06,1.25
698,37,7727.89,EUR,2022-11-15,0.72
699,45,5111.04,JPY,2022-12-09,1.49
700,33,2410.29,EUR,2022-05-12,0.67
701,33,1682.02,USD,2022-06-25,1.29
702,7,3777.98,JPY,2022-02-21,1.21
703,22,1806.75,USD,2022-02-07,0.82
704,5,9983.56,USD,2022-12-09,0.83
705,46,967.3,EUR,2022-01-05,1.06
706,15,4690.86,JPY,2022-08-01,1.35
707,21,4794.89,GBP,2022-04-30,0.89
708,25,3356.0,JPY,2022-11-22,0.56
709,17,5927.84,GBP,2022-07-28,0.87
710,50,1924.78,USD,2022-08-05,0.71
711,7,7947.17,USD,2022-01-24,1.44
712,50,3658.25,EUR,2022-12-08,1.2
713,19,6117.75,GBP,2022-07-24,0.55
714,7,7298.57,JPY,2022-08-14,0.79
715,40,8945.9,EUR,2022-08-06,0.55
716,45,8439.98,EUR,2022-07-30,1.33
717,50,6278.94,EUR,2022-01-26,1.41
718,24,4189.74,JPY,2022-09-09,0.61
719,11,5280.44,EUR,2022-01-03,0.94
720,41,7802.98,JPY,2022-01-02,1.43
721,1,8836.68,EUR,2022-04-02,0.65
722,32,1485.93,GBP,2022-01-02,0.79
723,40,4156.13,USD,2022-05-30,0.8
724,44,7873.11,GBP,2022-03-12,0.53
725,2,4600.69,GBP,2022-01-04,0.54
726,15,3656.16,EUR,2022-02-07,1.45
727,21,4407.57,GBP,2022-12-25,1.07
728,24,6227.03,GBP,2022-03-11,0.81
729,50,9998.15,GBP,2022-07-20,0.88
730,17,5183.43,EUR,2022-11-04,1.21
731,47,2480.7,JPY,2022-09-09,0.87
732,9,2047.04,USD,2022-10-14,0.73
733,35,902.32,USD,2022-10-19,0.6
734,20,5808.76,JPY,2022-06-03,1.23
735,19,5673.43,JPY,2022-05-13,0.68
736,18,2449.72,GBP,2022-03-15,0.57
737,20,7105.63,USD,2022-10-01,0.93
738,30,7540.52,JPY,2022-09-28,0.54
739,40,2961.43,GBP,2022-07-04,1.46
740,1,3768.95,USD,2022-12-19,1.13
741,24,9909.48,EUR,2022-01-05,0.65
742,24,4055.51,EUR,2022-10-20,0.67
743,47,7727.62,USD,2022-12-26,1.07
744,19,4800.89,USD,2022-03-27,0.86
745,30,8036.78,EUR,2022-08-02,1.27
746,26,7805.72,EUR,2022-01-15,1.05
747,42,6843.68,USD,2022-09-30,0.93
748,44,8620.39,GBP,2022-02-20,1.46
749,38,9422.58,JPY,2022-09-10,0.89
750,29,6009.84,JPY,2022-02-14,0.9
751,13,2755.95,USD,2022-07-10,1.17
752,4,4286.98,JPY,2022-05-02,1.31
753,45,7703.9,EUR,2022-07-06,1.13
754,17,6683.39,EUR,2022-08-02,1.2
755,33,2189.08,JPY,2022-05-29,0.87
756,5,986.78,USD,2022-06-19,0.98
757,28,6988.14,EUR,2022-07-28,0.7
758,24,2885.25,GBP,2022-03-23,1.18
759,17,5246.87,GBP,2022-07-15,0.72
760,50,7594.09,EUR,2022-09-03,0.5
761,39,5845.33,EUR,2022-12-11,1.43
762,48,1291.37,JPY,2022-12-23,0.81
763,40,2263.01,USD,2022-02-09,0.7
764,44,2583.62,JPY,2022-06-17,0.77
765,46,2949.71,USD,2022-02-12,0.83
766,11,5871.33,GBP,2022-11-25,0.97
767,12,5287.67,GBP,2022-07-30,0.57
768,13,2430.02,USD,2022-06-28,0.55
769,8,1141.77,JPY,2022-01-23,0.79
770,1,2128.61,EUR,2022-04-05,0.8
771,9,9851.62,USD,2022-06-09,0.62
772,28,4951.2,JPY,2022-09-01,0.9
773,2,8739.78,GBP,2022-01-17,0.78
774,14,8563.15,EUR,2022-04-22,0.53
775,13,5359.44,GBP,2022-04-13,1.39
776,48,7213.53,USD,2022-11-10,1.39
777,2,2331.14,GBP,2022-03-27,0.71
778,4,7039.77,GBP,2022-02-04,0.66
779,12,3087.65,USD,2022-01-30,1.05
780,48,8404.59,EUR,2022-07-11,1.13
781,10,1295.38,USD,2022-06-28,1.46
782,3,7844.82,JPY,2022-04-14,0.88
783,4,1449.4,USD,2022-06-14,1.12
784,6,8871.3,USD,2022-05-02,1.38
785,23,3389.94,EUR,2022-05-14,0.95
786,5,6716.74,JPY,2022-10-17,0.62
787,50,5131.27,GBP,2022-11-08,0.88
788,3,3979.88,GBP,2022-08-12,0.64
789,10,6631.7,GBP,2022-01-25,0.52
790,43,9501.47,GBP,2022-01-13,1.25
791,19,892.06,EUR,2022-11-15,0.74
792,14,9229.1,JPY,2022-08-18,0.5
793,21,6286.28,EUR,2022-04-12,1.37
794,43,8169.49,USD,2022-07-22,0.94
795,28,4146.81,JPY,2022-09-24,0.74
796,21,4982.51,JPY,2022-12-31,0.76
797,36,8754.08,GBP,2022-08-10,0.74
798,24,4441.06,GBP,2022-04-14,0.69
799,38,5579.27,GBP,2022-04-21,1.34
800,17,691.85,GBP,2022-03-10,0.67
801,22,2006.68,USD,2022-12-24,1.06
802,19,6596.02,GBP,2022-09-15,0.58
803,45,7311.28,EUR,2022-06-17,1.45
804,10,6034.71,JPY,2022-10-20,1.1
805,11,1861.45,USD,2022-02-18,1.4
806,38,4731.35,USD,2022-09-07,0.9
807,2,3873.4,JPY,2022-11-27,1.31
808,33,5208.78,JPY,2022-03-16,1.35
809,43,8768.13,JPY,2022-07-20,1.2
810,31,7870.68,USD,2022-02-03,0.59
811,48,1297.9,EUR,2022-11-10,0.52
812,35,8957.94,EUR,2022-04-21,0.67
813,37,4981.79,JPY,2022-12-18,0.62
814,47,7566.69,USD,2022-11-12,1.23
815,47,1830.37,GBP,2022-08-25,1.06
816,36,6871.84,USD,2022-02-01,1.03
817,23,2745.1,JPY,2022-07-28,0.75
818,36,4664.62,USD,2022-05-12,0.65
819,40,660.2,USD,2022-04-16,0.71
820,39,1940.3,USD,2022-02-02,0.9
821,26,1374.76,GBP,2022-02-12,1.24
822,25,2777.57,JPY,2022-04-17,0.75
823,17,1450.17,JPY,2022-09-22,1.2
824,15,7073.15,JPY,2022-08-14,0.99
825,37,775.88,EUR,2022-06-28,1.39
826,45,6368.53,EUR,2022-08-10,0.73
827,4,1836.72,JPY,2022-05-05,0.95
828,22,9479.03,USD,2022-10-03,0.6
829,17,9364.39,USD,2022-06-16,0.84
830,22,2642.28,JPY,2022-05-31,1.01
831,17,6337.0,GBP,2022-02-10,1.23
832,14,766.05,GBP,2022-10-27,0.7
833,14,9351.99,USD,2022-02-04,0.72
834,17,5468.38,USD,2022-11-10,1.13
835,8,910.62,EUR,2022-10-31,0.88
836,34,3753.75,GBP,2022-08-19,0.98
837,26,1230.07,USD,2022-08-03,1.34
838,45,4232.97,USD,2022-11-10,1.0
839,30,6864.3,JPY,2022-04-11,1.15
840,22,4963.95,EUR,2022-02-26,1.16
841,16,4145.36,GBP,2022-08-03,1.3
842,30,1631.99,GBP,2022-06-05,1.14
843,16,2826.92,EUR,2022-03-05,0.56
844,38,1451.36,USD,2022-03-03,0.84
845,24,8171.24,GBP,2022-12-05,1.49
846,36,1784.78,GBP,2022-03-03,0.7
847,35,6156.05,GBP,2022-04-04,1.09
848,6,3756.03,JPY,2022-12-07,1.34
849,4,2646.79,EUR,2022-01-26,1.09
850,18,6574.95,GBP,2022-05-01,0.87
851,6,4841.52,EUR,2022-02-19,0.58
852,26,4301.38,USD,2022-09-09,0.86
853,37,6132.09,EUR,2022-02-05,0.68
854,27,5167.04,JPY,2022-10-16,1.46
855,41,3383.1,JPY,2022-04-10,1.22
856,11,5811.08,EUR,2022-11-20,1.25
857,38,6860.24,JPY,2022-11-25,0.94
858,16,753.59,GBP,2022-05-16,0.61
859,19,4925.78,JPY,2022-07-13,0.77
860,43,1047.99,USD,2022-08-09,0.76
861,15,2270.85,EUR,2022-10-06,0.99
862,26,5824.83,EUR,2022-11-22,0.96
863,41,8728.79,USD,2022-02-24,0.93
864,31,8886.65,USD,2022-04-20,1.0
865,19,1164.47,USD,2022-05-29,1.49
866,24,4481.5,USD,2022-09-22,0.8
867,9,6038.56,GBP,2022-06-11,1.12
868,23,1897.16,JPY,2022-07-06,0.74
869,4,7771.61,JPY,2022-05-09,0.97
870,10,7570.23,GBP,2022-04-18,0.7
871,9,9081.74,USD,2022-03-09,1.06
872,19,580.62,EUR,2022-03-07,0.77
873,15,2558.5,EUR,2022-05-24,0.54
874,34,8358.27,EUR,2022-02-22,1.32
875,42,6870.51,USD,2022-05-08,0.63
876,19,8996.7,GBP,2022-11-17,0.87
877,49,1043.21,GBP,2022-07-26,0.98
878,21,6171.16,GBP,2022-11-16,0.93
879,34,5905.94,JPY,2022-08-04,1.23
880,17,838.91,JPY,2022-03-09,1.1
881,18,5378.46,JPY,2022-03-03,0.8
882,17,6290.44,JPY,2022-07-29,0.55
883,2,2317.29,EUR,2022-12-03,1.27
884,1,3096.63,EUR,2022-11-23,0.85
885,43,6583.3,GBP,2022-02-21,1.39
886,10,4948.86,JPY,2022-04-26,0.9
887,37,8651.13,GBP,2022-03-06,1.22
888,48,3752.63,USD,2022-05-10,1.44
889,5,3033.27,JPY,2022-06-26,1.15
890,12,9856.23,JPY,2022-10-05,0.91
891,36,9155.79,GBP,2022-06-12,1.07
892,31,775.43,GBP,2022-11-28,1.04
893,38,7821.92,USD,2022-06-01,1.08
894,9,1548.18,GBP,2022-12-16,0.65
895,44,761.11,JPY,2022-08-24,1.2
896,26,3100.11,EUR,2022-06-07,0.65
897,15,3058.79,USD,2022-11-23,0.51
898,16,8283.53,USD,2022-04-16,1.12
899,13,7251.34,JPY,2022-11-02,0.62
900,25,9825.29,EUR,2022-09-12,1.27
901,30,7259.37,GBP,2022-12-24,1.37
902,7,4473.43,GBP,2022-04-23,1.44
903,4,7139.81,EUR,2022-01-30,1.16
904,43,9994.86,EUR,2022-01-12,0.98
905,40,7246.35,JPY,2022-06-26,0.85
906,38,7735.97,GBP,2022-12-04,0.99
907,30,9414.47,JPY,2022-02-15,0.69
908,10,1579.69,GBP,2022-06-20,0.85
909,30,7195.45,GBP,2022-05-10,1.22
910,39,8582.66,EUR,2022-09-02,0.72
911,7,9566.6,JPY,2022-12-19,0.76
912,36,2504.21,EUR,2022-07-22,1.25
913,35,5287.33,JPY,2022-08-14,0.68
914,24,6965.27,GBP,2022-03-21,0.75
915,39,2850.94,USD,2022-11-06,0.52
916,36,6204.49,USD,2022-02-04,1.22
917,45,2947.0,JPY,2022-02-21,1.12
918,20,3667.84,JPY,2022-06-10,1.19
919,49,4694.43,EUR,2022-03-25,0.71
920,32,5527.31,GBP,2022-11-24,1.19
921,39,4768.98,USD,2022-01-26,1.1
922,49,5185.36,EUR,2022-08-13,0.87
923,26,3336.59,JPY,2022-11-13,0.94
924,26,2010.17,GBP,2022-06-03,1.07
925,36,949.82,EUR,2022-10-20,0.99
926,43,2361.8,EUR,2022-04-05,1.14
927,35,6028.46,JPY,2022-08-13,0.68
928,43,7968.1,GBP,2022-09-24,1.04
929,35,2107.85,USD,2022-02-10,0.95
930,12,1531.28,EUR,2022-05-13,0.96
931,33,7618.26,JPY,2022-03-07,0.97
932,36,3399.0,EUR,2022-07-29,1.38
933,14,9539.24,JPY,2022-06-02,1.32
934,33,7286.02,JPY,2022-06-21,1.13
935,46,3604.18,JPY,2022-11-21,1.22
936,45,3250.66,GBP,2022-02-28,0.54
937,45,5475.13,USD,2022-07-03,1.24
938,24,1251.87,GBP,2022-06-29,0.99
939,15,1617.93,USD,2022-11-18,0.82
940,31,2170.65,JPY,2022-11-20,0.64
941,17,7859.87,USD,2022-01-12,0.58
942,12,5381.64,GBP,2022-03-09,0.54
943,22,600.39,EUR,2022-11-25,0.66
944,23,6898.41,GBP,2022-07-21,0.53
945,26,4525.06,GBP,2022-01-06,1.23
946,14,5353.1,GBP,2022-01-15,0.75
947,12,2534.1,GBP,2022-02-11,0.87
948,50,5741.93,GBP,2022-01-31,1.32
949,4,9801.96,USD,2022-06-30,0.61
950,46,1197.72,USD,2022-09-19,1.34
951,13,3197.22,EUR,2022-10-16,1.14
952,18,2808.48,GBP,2022-01-21,0.84
953,43,2861.22,GBP,2022-07-01,0.62
954,28,4097.71,EUR,2022-07-03,0.59
955,38,8272.04,EUR,2022-09-01,0.84
956,41,9172.16,JPY,2022-12-16,0.64
957,44,2421.04,EUR,2022-05-29,0.77
958,19,5658.02,EUR,2022-09-13,0.55
959,46,6550.54,EUR,2022-04-10,1.1
960,47,5457.36,JPY,2022-02-24,0.65
961,43,4623.73,USD,2022-07-05,1.26
962,38,2323.77,JPY,2022-11-16,0.72
963,46,5138.08,USD,2022-03-27,1.3
964,3,4311.54,EUR,2022-06-23,0.69
965,19,8057.85,JPY,2022-01-22,1.22
966,20,7754.24,JPY,2022-09-01,0.83
967,25,1772.99,USD,2022-03-01,1.08
968,11,1340.93,JPY,2022-04-14,0.54
969,17,9127.46,JPY,2022-05-19,1.0
970,49,5587.33,GBP,2022-10-30,0.65
971,35,8649.11,USD,2022-06-08,0.99
972,14,1052.44,JPY,2022-08-20,0.64
973,39,5501.9,JPY,2022-03-18,0.94
974,19,5624.55,EUR,2022-01-18,0.61
975,3,8676.67,GBP,2022-01-22,0.72
976,34,1427.29,GBP,2022-07-03,1.1
977,49,2784.23,EUR,2022-05-25,1.48
978,41,4362.11,EUR,2022-02-07,0.95
979,22,8725.49,EUR,2022-10-08,1.19
980,38,9419.39,EUR,2022-10-15,1.04
981,27,9930.88,GBP,2022-05-23,1.0
982,21,9612.34,JPY,2022-01-13,0.56
983,41,556.45,JPY,2022-07-05,0.64
984,31,953.23,EUR,2022-09-24,1.38
985,27,1902.26,USD,2022-09-26,0.91
986,37,3814.19,EUR,2022-04-07,1.11
987,2,8384.22,JPY,2022-12-23,1.03
988,47,8980.23,USD,2022-10-21,0.88
989,9,2274.93,EUR,2022-01-01,0.89
990,19,6386.81,USD,2022-10-22,1.06
991,42,9214.94,EUR,2022-01-27,0.64
992,36,4905.45,GBP,2022-02-05,0.89
993,10,1483.66,JPY,2022-06-09,0.95
994,40,4849.23,EUR,2022-01-31,1.49
995,45,4070.05,USD,2022-05-07,0.85
996,39,5987.75,JPY,2022-09-19,1.14
997,7,4667.26,EUR,2022-12-11,0.64
998,4,664.79,EUR,2022-07-29,0.57
999,15,9942.98,EUR,2022-05-30,1.37
1000,12,5663.63,EUR,2022-01-31,1.23
